INSERT  INTO area_level (area_level_id_pk, area_level_name) VALUES (1, 'NATIONAL')  ON CONFLICT DO NOTHING;
INSERT   INTO area_level (area_level_id_pk, area_level_name) VALUES (2, 'STATE')  ON CONFLICT DO NOTHING;
INSERT   INTO area_level (area_level_id_pk, area_level_name) VALUES (3, 'DISTRICT')  ON CONFLICT DO NOTHING;



INSERT  INTO area (area_id, area_code, area_name, created_date, is_live, area_level_id_fk, parent_area_id, short_name, updated_date) VALUES (3, 'IND033001', 'Thiruvallur', '2017-09-06 00:00:00', true, 3, 2, NULL, NULL)  ON CONFLICT DO NOTHING;
INSERT  INTO area (area_id, area_code, area_name, created_date, is_live, area_level_id_fk, parent_area_id, short_name, updated_date) VALUES (4, 'IND033002', 'Chennai', '2017-09-06 00:00:00', true, 3, 2, NULL, NULL)  ON CONFLICT DO NOTHING;
INSERT  INTO area (area_id, area_code, area_name, created_date, is_live, area_level_id_fk, parent_area_id, short_name, updated_date) VALUES (5, 'IND033003', 'Kancheepuram', '2017-09-06 00:00:00', true, 3, 2, NULL, NULL)  ON CONFLICT DO NOTHING;
INSERT  INTO area (area_id, area_code, area_name, created_date, is_live, area_level_id_fk, parent_area_id, short_name, updated_date) VALUES (6, 'IND033004', 'Vellore', '2017-09-06 00:00:00', true, 3, 2, NULL, NULL)  ON CONFLICT DO NOTHING;
INSERT  INTO area (area_id, area_code, area_name, created_date, is_live, area_level_id_fk, parent_area_id, short_name, updated_date) VALUES (7, 'IND033005', 'Tiruvannamalai', '2017-09-06 00:00:00', true, 3, 2, NULL, NULL)  ON CONFLICT DO NOTHING;
INSERT  INTO area (area_id, area_code, area_name, created_date, is_live, area_level_id_fk, parent_area_id, short_name, updated_date) VALUES (8, 'IND033006', 'Viluppuram', '2017-09-06 00:00:00', true, 3, 2, NULL, NULL)  ON CONFLICT DO NOTHING;
INSERT  INTO area (area_id, area_code, area_name, created_date, is_live, area_level_id_fk, parent_area_id, short_name, updated_date) VALUES (9, 'IND033007', 'Salem', '2017-09-06 00:00:00', true, 3, 2, NULL, NULL)  ON CONFLICT DO NOTHING;
INSERT  INTO area (area_id, area_code, area_name, created_date, is_live, area_level_id_fk, parent_area_id, short_name, updated_date) VALUES (10, 'IND033008', 'Namakkal', '2017-09-06 00:00:00', true, 3, 2, NULL, NULL)  ON CONFLICT DO NOTHING;
INSERT  INTO area (area_id, area_code, area_name, created_date, is_live, area_level_id_fk, parent_area_id, short_name, updated_date) VALUES (11, 'IND033009', 'Erode', '2017-09-06 00:00:00', true, 3, 2, NULL, NULL)  ON CONFLICT DO NOTHING;
INSERT  INTO area (area_id, area_code, area_name, created_date, is_live, area_level_id_fk, parent_area_id, short_name, updated_date) VALUES (12, 'IND033010', 'The Nilgiris', '2017-09-06 00:00:00', true, 3, 2, NULL, NULL)  ON CONFLICT DO NOTHING;
INSERT  INTO area (area_id, area_code, area_name, created_date, is_live, area_level_id_fk, parent_area_id, short_name, updated_date) VALUES (13, 'IND033011', 'Dindigul', '2017-09-06 00:00:00', true, 3, 2, NULL, NULL)  ON CONFLICT DO NOTHING;
INSERT  INTO area (area_id, area_code, area_name, created_date, is_live, area_level_id_fk, parent_area_id, short_name, updated_date) VALUES (14, 'IND033012', 'Karur', '2017-09-06 00:00:00', true, 3, 2, NULL, NULL)  ON CONFLICT DO NOTHING;
INSERT  INTO area (area_id, area_code, area_name, created_date, is_live, area_level_id_fk, parent_area_id, short_name, updated_date) VALUES (15, 'IND033013', 'Tiruchirappalli', '2017-09-06 00:00:00', true, 3, 2, NULL, NULL)  ON CONFLICT DO NOTHING;
INSERT  INTO area (area_id, area_code, area_name, created_date, is_live, area_level_id_fk, parent_area_id, short_name, updated_date) VALUES (16, 'IND033014', 'Perambalur', '2017-09-06 00:00:00', true, 3, 2, NULL, NULL)  ON CONFLICT DO NOTHING;
INSERT  INTO area (area_id, area_code, area_name, created_date, is_live, area_level_id_fk, parent_area_id, short_name, updated_date) VALUES (17, 'IND033015', 'Ariyalur', '2017-09-06 00:00:00', true, 3, 2, NULL, NULL)  ON CONFLICT DO NOTHING;
INSERT  INTO area (area_id, area_code, area_name, created_date, is_live, area_level_id_fk, parent_area_id, short_name, updated_date) VALUES (18, 'IND033016', 'Cuddalore', '2017-09-06 00:00:00', true, 3, 2, NULL, NULL)  ON CONFLICT DO NOTHING;
INSERT  INTO area (area_id, area_code, area_name, created_date, is_live, area_level_id_fk, parent_area_id, short_name, updated_date) VALUES (19, 'IND033017', 'Nagapattinam', '2017-09-06 00:00:00', true, 3, 2, NULL, NULL)  ON CONFLICT DO NOTHING;
INSERT  INTO area (area_id, area_code, area_name, created_date, is_live, area_level_id_fk, parent_area_id, short_name, updated_date) VALUES (20, 'IND033018', 'Thiruvarur', '2017-09-06 00:00:00', true, 3, 2, NULL, NULL)  ON CONFLICT DO NOTHING;
INSERT  INTO area (area_id, area_code, area_name, created_date, is_live, area_level_id_fk, parent_area_id, short_name, updated_date) VALUES (21, 'IND033019', 'Thanjavur', '2017-09-06 00:00:00', true, 3, 2, NULL, NULL)  ON CONFLICT DO NOTHING;
INSERT  INTO area (area_id, area_code, area_name, created_date, is_live, area_level_id_fk, parent_area_id, short_name, updated_date) VALUES (22, 'IND033020', 'Pudukkottai', '2017-09-06 00:00:00', true, 3, 2, NULL, NULL)  ON CONFLICT DO NOTHING;
INSERT  INTO area (area_id, area_code, area_name, created_date, is_live, area_level_id_fk, parent_area_id, short_name, updated_date) VALUES (23, 'IND033021', 'Sivaganga', '2017-09-06 00:00:00', true, 3, 2, NULL, NULL)  ON CONFLICT DO NOTHING;
INSERT  INTO area (area_id, area_code, area_name, created_date, is_live, area_level_id_fk, parent_area_id, short_name, updated_date) VALUES (24, 'IND033022', 'Madurai', '2017-09-06 00:00:00', true, 3, 2, NULL, NULL)  ON CONFLICT DO NOTHING;
INSERT  INTO area (area_id, area_code, area_name, created_date, is_live, area_level_id_fk, parent_area_id, short_name, updated_date) VALUES (25, 'IND033023', 'Theni', '2017-09-06 00:00:00', true, 3, 2, NULL, NULL)  ON CONFLICT DO NOTHING;
INSERT  INTO area (area_id, area_code, area_name, created_date, is_live, area_level_id_fk, parent_area_id, short_name, updated_date) VALUES (26, 'IND033024', 'Virudhunagar', '2017-09-06 00:00:00', true, 3, 2, NULL, NULL)  ON CONFLICT DO NOTHING;
INSERT  INTO area (area_id, area_code, area_name, created_date, is_live, area_level_id_fk, parent_area_id, short_name, updated_date) VALUES (27, 'IND033025', 'Ramanathapuram', '2017-09-06 00:00:00', true, 3, 2, NULL, NULL)  ON CONFLICT DO NOTHING;
INSERT  INTO area (area_id, area_code, area_name, created_date, is_live, area_level_id_fk, parent_area_id, short_name, updated_date) VALUES (28, 'IND033026', 'Thoothukkudi', '2017-09-06 00:00:00', true, 3, 2, NULL, NULL)  ON CONFLICT DO NOTHING;
INSERT  INTO area (area_id, area_code, area_name, created_date, is_live, area_level_id_fk, parent_area_id, short_name, updated_date) VALUES (29, 'IND033027', 'Tirunelveli', '2017-09-06 00:00:00', true, 3, 2, NULL, NULL)  ON CONFLICT DO NOTHING;
INSERT  INTO area (area_id, area_code, area_name, created_date, is_live, area_level_id_fk, parent_area_id, short_name, updated_date) VALUES (30, 'IND033028', 'Kanniyakumari', '2017-09-06 00:00:00', true, 3, 2, NULL, NULL)  ON CONFLICT DO NOTHING;
INSERT  INTO area (area_id, area_code, area_name, created_date, is_live, area_level_id_fk, parent_area_id, short_name, updated_date) VALUES (31, 'IND033029', 'Dharmapuri', '2017-09-06 00:00:00', true, 3, 2, NULL, NULL)  ON CONFLICT DO NOTHING;
INSERT  INTO area (area_id, area_code, area_name, created_date, is_live, area_level_id_fk, parent_area_id, short_name, updated_date) VALUES (32, 'IND033030', 'Krishnagiri', '2017-09-06 00:00:00', true, 3, 2, NULL, NULL)  ON CONFLICT DO NOTHING;
INSERT  INTO area (area_id, area_code, area_name, created_date, is_live, area_level_id_fk, parent_area_id, short_name, updated_date) VALUES (33, 'IND033031', 'Coimbatore', '2017-09-06 00:00:00', true, 3, 2, NULL, NULL)  ON CONFLICT DO NOTHING;
INSERT  INTO area (area_id, area_code, area_name, created_date, is_live, area_level_id_fk, parent_area_id, short_name, updated_date) VALUES (34, 'IND033032', 'Tiruppur', '2017-09-06 00:00:00', true, 3, 2, NULL, NULL)  ON CONFLICT DO NOTHING;
INSERT  INTO area (area_id, area_code, area_name, created_date, is_live, area_level_id_fk, parent_area_id, short_name, updated_date) VALUES (1, 'IND001', 'India', '2017-09-06 00:00:00', false, 1, -1, NULL, NULL)  ON CONFLICT DO NOTHING;
INSERT  INTO area (area_id, area_code, area_name, created_date, is_live, area_level_id_fk, parent_area_id, short_name, updated_date) VALUES (2, 'IND033', 'Tamil Nadu', '2017-09-06 00:00:00', true, 2, 1, NULL, NULL)  ON CONFLICT DO NOTHING;


INSERT INTO subgroup_val (subgroup_val_id, subgroup_val, subgroup_val_order) VALUES (1, 'Total', 1)  ON CONFLICT DO NOTHING;



INSERT INTO agency (agency_id, agency_name, last_day_for_data_edit, last_day_for_data_entry, display_last_no_of_month_in_indicator_mgmt, display_number, display_percentage, last_aggregation_date, agg_start_day, state_id_fk, auto_publish_on_day, encrypted_agency_id, domain_name, pdf_header_file_name, map_url, pdf_footer_file_name) VALUES (1, 'scpstamilnadu', 17, 15, 6, true, true, '2018-11-16', 16, 2, 18, '9042384000984822c7fd4b4327a5cbdc', 'http://scpstamilnadu.in', 'scps_header.jpg', '{ areaCode : IND033 , mapJsonName : TamilNadu , url : resources/geomaps/TamilNadu.json }', 'SCPS_TAMILNADU_PDF_FOOTER.png')  ON CONFLICT DO NOTHING;







INSERT INTO indicator_classification (indicator_classification_id, ic_order, index, indicatorclassificationtype, classification_name, sector_ids, classification_short_name, type, parent_id) VALUES (1, 1, false, 'SC', 'Results for Children', NULL, NULL, NULL, NULL)  ON CONFLICT DO NOTHING;
INSERT INTO indicator_classification (indicator_classification_id, ic_order, index, indicatorclassificationtype, classification_name, sector_ids, classification_short_name, type, parent_id) VALUES (2, 1, false, 'SC', 'Institutional Care', NULL, NULL, NULL, 1)  ON CONFLICT DO NOTHING;
INSERT INTO indicator_classification (indicator_classification_id, ic_order, index, indicatorclassificationtype, classification_name, sector_ids, classification_short_name, type, parent_id) VALUES (3, 2, false, 'SC', 'Non Institutional Care', NULL, NULL, NULL, 1)  ON CONFLICT DO NOTHING;
INSERT INTO indicator_classification (indicator_classification_id, ic_order, index, indicatorclassificationtype, classification_name, sector_ids, classification_short_name, type, parent_id) VALUES (4, 2, false, 'SC', 'Human Resources', NULL, NULL, NULL, NULL)  ON CONFLICT DO NOTHING;
INSERT INTO indicator_classification (indicator_classification_id, ic_order, index, indicatorclassificationtype, classification_name, sector_ids, classification_short_name, type, parent_id) VALUES (5, 1, false, 'SC', 'Human Resources', NULL, NULL, NULL, 4)  ON CONFLICT DO NOTHING;
INSERT INTO indicator_classification (indicator_classification_id, ic_order, index, indicatorclassificationtype, classification_name, sector_ids, classification_short_name, type, parent_id) VALUES (6, 2, false, 'SC', 'Capacity Building', NULL, NULL, NULL, 4)  ON CONFLICT DO NOTHING;
INSERT INTO indicator_classification (indicator_classification_id, ic_order, index, indicatorclassificationtype, classification_name, sector_ids, classification_short_name, type, parent_id) VALUES (7, 3, false, 'SC', 'ICPS Structures and Functionalities', NULL, NULL, NULL, NULL)  ON CONFLICT DO NOTHING;
INSERT INTO indicator_classification (indicator_classification_id, ic_order, index, indicatorclassificationtype, classification_name, sector_ids, classification_short_name, type, parent_id) VALUES (8, 1, false, 'SC', 'Structures at district, block and Village', NULL, NULL, NULL, 7)  ON CONFLICT DO NOTHING;
INSERT INTO indicator_classification (indicator_classification_id, ic_order, index, indicatorclassificationtype, classification_name, sector_ids, classification_short_name, type, parent_id) VALUES (9, 2, false, 'SC', 'Management, Coordination and Operation', NULL, NULL, NULL, 7)  ON CONFLICT DO NOTHING;
INSERT INTO indicator_classification (indicator_classification_id, ic_order, index, indicatorclassificationtype, classification_name, sector_ids, classification_short_name, type, parent_id) VALUES (10, 3, false, 'SC', 'Finance and Budget Management', NULL, NULL, NULL, 7)  ON CONFLICT DO NOTHING;
INSERT INTO indicator_classification (indicator_classification_id, ic_order, index, indicatorclassificationtype, classification_name, sector_ids, classification_short_name, type, parent_id) VALUES (11, 3, false, 'SC', 'Pendency of Cases', NULL, NULL, NULL, 1)  ON CONFLICT DO NOTHING;
INSERT INTO indicator_classification (indicator_classification_id, ic_order, index, indicatorclassificationtype, classification_name, sector_ids, classification_short_name, type, parent_id) VALUES (12, 4, false, 'SC', 'Missing Children', NULL, NULL, NULL, 1)  ON CONFLICT DO NOTHING;
INSERT INTO indicator_classification (indicator_classification_id, ic_order, index, indicatorclassificationtype, classification_name, sector_ids, classification_short_name, type, parent_id) VALUES (13, 4, true, 'SC', 'Index', NULL, NULL, 'INDEX', NULL)  ON CONFLICT DO NOTHING;
INSERT INTO indicator_classification (indicator_classification_id, ic_order, index, indicatorclassificationtype, classification_name, sector_ids, classification_short_name, type, parent_id) VALUES (14, 1, false, 'SC', 'Results for Children', '1', NULL, NULL, 13)  ON CONFLICT DO NOTHING;
INSERT INTO indicator_classification (indicator_classification_id, ic_order, index, indicatorclassificationtype, classification_name, sector_ids, classification_short_name, type, parent_id) VALUES (15, 2, false, 'SC', 'Human Resources', '4', NULL, NULL, 13)  ON CONFLICT DO NOTHING;
INSERT INTO indicator_classification (indicator_classification_id, ic_order, index, indicatorclassificationtype, classification_name, sector_ids, classification_short_name, type, parent_id) VALUES (16, 3, false, 'SC', 'ICPS Structures and Functionalities', '7', NULL, NULL, 13)  ON CONFLICT DO NOTHING;
INSERT INTO indicator_classification (indicator_classification_id, ic_order, index, indicatorclassificationtype, classification_name, sector_ids, classification_short_name, type, parent_id) VALUES (18, 1, false, 'SR', 'Global', NULL, NULL, NULL, NULL)  ON CONFLICT DO NOTHING;
INSERT INTO indicator_classification (indicator_classification_id, ic_order, index, indicatorclassificationtype, classification_name, sector_ids, classification_short_name, type, parent_id) VALUES (19, 2, false, 'SR', 'CCI', NULL, NULL, NULL, 18)  ON CONFLICT DO NOTHING;
INSERT INTO indicator_classification (indicator_classification_id, ic_order, index, indicatorclassificationtype, classification_name, sector_ids, classification_short_name, type, parent_id) VALUES (20, 3, false, 'SR', 'JJB', NULL, NULL, NULL, 18)  ON CONFLICT DO NOTHING;
INSERT INTO indicator_classification (indicator_classification_id, ic_order, index, indicatorclassificationtype, classification_name, sector_ids, classification_short_name, type, parent_id) VALUES (21, 4, false, 'SR', 'CWC', NULL, NULL, NULL, 18)  ON CONFLICT DO NOTHING;
INSERT INTO indicator_classification (indicator_classification_id, ic_order, index, indicatorclassificationtype, classification_name, sector_ids, classification_short_name, type, parent_id) VALUES (22, 5, false, 'SR', 'DCPU', NULL, NULL, NULL, 18)  ON CONFLICT DO NOTHING;
INSERT INTO indicator_classification (indicator_classification_id, ic_order, index, indicatorclassificationtype, classification_name, sector_ids, classification_short_name, type, parent_id) VALUES (23, 6, false, 'SR', 'SAA', NULL, NULL, NULL, 18)  ON CONFLICT DO NOTHING;
INSERT INTO indicator_classification (indicator_classification_id, ic_order, index, indicatorclassificationtype, classification_name, sector_ids, classification_short_name, type, parent_id) VALUES (24, 7, false, 'SR', 'CWPO', NULL, NULL, NULL, 18)  ON CONFLICT DO NOTHING;
INSERT INTO indicator_classification (indicator_classification_id, ic_order, index, indicatorclassificationtype, classification_name, sector_ids, classification_short_name, type, parent_id) VALUES (25, 8, false, 'SR', 'SJPU', NULL, NULL, NULL, 18)  ON CONFLICT DO NOTHING;
INSERT INTO indicator_classification (indicator_classification_id, ic_order, index, indicatorclassificationtype, classification_name, sector_ids, classification_short_name, type, parent_id) VALUES (26, 9, false, 'SR', 'COMPUTED', NULL, NULL, NULL, NULL)  ON CONFLICT DO NOTHING;
INSERT INTO indicator_classification (indicator_classification_id, ic_order, index, indicatorclassificationtype, classification_name, sector_ids, classification_short_name, type, parent_id) VALUES (27, 10, false, 'SR', 'COMPUTED_INDEX', NULL, NULL, 'INDEX_COMPUTED', 26)  ON CONFLICT DO NOTHING;
INSERT INTO indicator_classification (indicator_classification_id, ic_order, index, indicatorclassificationtype, classification_name, sector_ids, classification_short_name, type, parent_id) VALUES (28, 11, false, 'SR', 'OBSERVATION_HOME', NULL, 'OH', NULL, 18)  ON CONFLICT DO NOTHING;
INSERT INTO indicator_classification (indicator_classification_id, ic_order, index, indicatorclassificationtype, classification_name, sector_ids, classification_short_name, type, parent_id) VALUES (29, 12, false, 'SR', 'SCPS', NULL, 'SCPS', NULL, 18)  ON CONFLICT DO NOTHING;
INSERT INTO indicator_classification (indicator_classification_id, ic_order, index, indicatorclassificationtype, classification_name, sector_ids, classification_short_name, type, parent_id) VALUES (17, 4, false, 'SC', 'Overall', '1,4,7', NULL, 'OVERALL', 13)  ON CONFLICT DO NOTHING;

INSERT INTO indicator_classification (indicator_classification_id, ic_order, index, indicatorclassificationtype, classification_name, sector_ids, classification_short_name, type, parent_id) VALUES (30, 5, false, 'SC', 'Intervention', NULL, NULL, NULL, 1)  ON CONFLICT DO NOTHING;
INSERT INTO indicator_classification (indicator_classification_id, ic_order, index, indicatorclassificationtype, classification_name, sector_ids, classification_short_name, type, parent_id) VALUES (31, 6, false, 'SC', 'Follow Up', NULL, NULL, NULL, 1)  ON CONFLICT DO NOTHING;

INSERT INTO indicator_classification (indicator_classification_id, ic_order, index, indicatorclassificationtype, classification_name, sector_ids, classification_short_name, type, parent_id) VALUES (33, 13, false, 'SR', 'CH', NULL, NULL, NULL, 18)  ON CONFLICT DO NOTHING;
INSERT INTO indicator_classification (indicator_classification_id, ic_order, index, indicatorclassificationtype, classification_name, sector_ids, classification_short_name, type, parent_id) VALUES (34, 13, false, 'SR', 'OS', NULL, NULL, NULL, 18)  ON CONFLICT DO NOTHING;

INSERT INTO indicator_classification (indicator_classification_id, ic_order, index, indicatorclassificationtype, classification_name, sector_ids, classification_short_name, type, parent_id) VALUES (35, 15, false, 'SR', 'RU', NULL, NULL, NULL, 18)  ON CONFLICT DO NOTHING;
INSERT INTO indicator_classification (indicator_classification_id, ic_order, index, indicatorclassificationtype, classification_name, sector_ids, classification_short_name, type, parent_id) VALUES (36, 16, false, 'SR', 'POS', NULL, NULL, NULL, 18)  ON CONFLICT DO NOTHING;
INSERT INTO indicator_classification (indicator_classification_id, ic_order, index, indicatorclassificationtype, classification_name, sector_ids, classification_short_name, type, parent_id) VALUES (37, 17, false, 'SR', 'OH', NULL, NULL, NULL, 18)  ON CONFLICT DO NOTHING;

INSERT INTO indicator_classification (indicator_classification_id, ic_order, index, indicatorclassificationtype, classification_name, sector_ids, classification_short_name, type, parent_id) VALUES (38, 18, false, 'SR', 'AA', NULL, NULL, NULL, 18)  ON CONFLICT DO NOTHING;
INSERT INTO indicator_classification (indicator_classification_id, ic_order, index, indicatorclassificationtype, classification_name, sector_ids, classification_short_name, type, parent_id) VALUES (39, 19, false, 'SR', 'ACH', NULL, NULL, NULL, 18)  ON CONFLICT DO NOTHING;
INSERT INTO indicator_classification (indicator_classification_id, ic_order, index, indicatorclassificationtype, classification_name, sector_ids, classification_short_name, type, parent_id) VALUES (40, 20, false, 'SR', 'SH', NULL, NULL, NULL, 18)  ON CONFLICT DO NOTHING;



INSERT INTO indicator (indicator_id, denominator_xpath, display_to_deo_from_month, display_to_deo_from_year, high_is_good, indicator_metadata, indicator_name, indicator_type, indicator_xpath, numerator_xpath, percentage_xpath, publish_month, publish_year, agency_id_fk, indicator_classification_id, belongs_to_indicator) VALUES (1, 'q2', 4, 2017, true, NULL, 'Percentage of children (CNCP) for whom ICP exists', 'ACTUAL_INDICATOR', 'q4', 'q1', 'cal_q3', 3, 2017, 1, 2, NULL)  ON CONFLICT DO NOTHING;
INSERT INTO indicator (indicator_id, denominator_xpath, display_to_deo_from_month, display_to_deo_from_year, high_is_good, indicator_metadata, indicator_name, indicator_type, indicator_xpath, numerator_xpath, percentage_xpath, publish_month, publish_year, agency_id_fk, indicator_classification_id, belongs_to_indicator) VALUES (2, NULL, 0, 0, false, NULL, 'Number of children (CNCP) for whom ICP exists', 'NUMERATOR', NULL, NULL, NULL, 0, 0, 1, NULL, 1)  ON CONFLICT DO NOTHING;
INSERT INTO indicator (indicator_id, denominator_xpath, display_to_deo_from_month, display_to_deo_from_year, high_is_good, indicator_metadata, indicator_name, indicator_type, indicator_xpath, numerator_xpath, percentage_xpath, publish_month, publish_year, agency_id_fk, indicator_classification_id, belongs_to_indicator) VALUES (3, NULL, 0, 0, false, NULL, 'Total number of children (CNCP) available in the CCI', 'DENOMINATOR', NULL, NULL, NULL, 0, 0, 1, NULL, 1)  ON CONFLICT DO NOTHING;
INSERT INTO indicator (indicator_id, denominator_xpath, display_to_deo_from_month, display_to_deo_from_year, high_is_good, indicator_metadata, indicator_name, indicator_type, indicator_xpath, numerator_xpath, percentage_xpath, publish_month, publish_year, agency_id_fk, indicator_classification_id, belongs_to_indicator) VALUES (4, 'q6', 4, 2017, true, NULL, 'Percentage of children (CCL) for whom ICP exists', 'ACTUAL_INDICATOR', 'q8', 'q5', 'cal_q7', 3, 2017, 1, 2, NULL)  ON CONFLICT DO NOTHING;
INSERT INTO indicator (indicator_id, denominator_xpath, display_to_deo_from_month, display_to_deo_from_year, high_is_good, indicator_metadata, indicator_name, indicator_type, indicator_xpath, numerator_xpath, percentage_xpath, publish_month, publish_year, agency_id_fk, indicator_classification_id, belongs_to_indicator) VALUES (5, NULL, 0, 0, false, NULL, 'Number of children (CCL) for whom ICP exists', 'NUMERATOR', NULL, NULL, NULL, 0, 0, 1, NULL, 4)  ON CONFLICT DO NOTHING;
INSERT INTO indicator (indicator_id, denominator_xpath, display_to_deo_from_month, display_to_deo_from_year, high_is_good, indicator_metadata, indicator_name, indicator_type, indicator_xpath, numerator_xpath, percentage_xpath, publish_month, publish_year, agency_id_fk, indicator_classification_id, belongs_to_indicator) VALUES (6, NULL, 0, 0, false, NULL, 'Total number of children (CCL) available in the CCI ', 'DENOMINATOR', NULL, NULL, NULL, 0, 0, 1, NULL, 4)  ON CONFLICT DO NOTHING;
INSERT INTO indicator (indicator_id, denominator_xpath, display_to_deo_from_month, display_to_deo_from_year, high_is_good, indicator_metadata, indicator_name, indicator_type, indicator_xpath, numerator_xpath, percentage_xpath, publish_month, publish_year, agency_id_fk, indicator_classification_id, belongs_to_indicator) VALUES (7, 'in_q2', 4, 2017, true, NULL, 'Percentage of children ordered to shelter in Special Home', 'ACTUAL_INDICATOR', 'in_q4', 'in_q1', 'in_q3', 3, 2017, 1, 2, NULL)  ON CONFLICT DO NOTHING;
INSERT INTO indicator (indicator_id, denominator_xpath, display_to_deo_from_month, display_to_deo_from_year, high_is_good, indicator_metadata, indicator_name, indicator_type, indicator_xpath, numerator_xpath, percentage_xpath, publish_month, publish_year, agency_id_fk, indicator_classification_id, belongs_to_indicator) VALUES (8, NULL, 0, 0, false, NULL, 'Number of children ordered for rehabilitation in Special Home by JJB', 'NUMERATOR', NULL, NULL, NULL, 0, 0, 1, NULL, 7)  ON CONFLICT DO NOTHING;
INSERT INTO indicator (indicator_id, denominator_xpath, display_to_deo_from_month, display_to_deo_from_year, high_is_good, indicator_metadata, indicator_name, indicator_type, indicator_xpath, numerator_xpath, percentage_xpath, publish_month, publish_year, agency_id_fk, indicator_classification_id, belongs_to_indicator) VALUES (9, NULL, 0, 0, false, NULL, 'Total number of children handled by JJB', 'DENOMINATOR', NULL, NULL, NULL, 0, 0, 1, NULL, 7)  ON CONFLICT DO NOTHING;
INSERT INTO indicator (indicator_id, denominator_xpath, display_to_deo_from_month, display_to_deo_from_year, high_is_good, indicator_metadata, indicator_name, indicator_type, indicator_xpath, numerator_xpath, percentage_xpath, publish_month, publish_year, agency_id_fk, indicator_classification_id, belongs_to_indicator) VALUES (10, 'cwc_q2', 4, 2017, true, NULL, 'Percentage of children (CNCP) Covered in After care programme', 'ACTUAL_INDICATOR', 'cwc_q4', 'cwc_q1', 'cwc_q3', 3, 2017, 1, 2, NULL)  ON CONFLICT DO NOTHING;
INSERT INTO indicator (indicator_id, denominator_xpath, display_to_deo_from_month, display_to_deo_from_year, high_is_good, indicator_metadata, indicator_name, indicator_type, indicator_xpath, numerator_xpath, percentage_xpath, publish_month, publish_year, agency_id_fk, indicator_classification_id, belongs_to_indicator) VALUES (11, NULL, 0, 0, false, NULL, 'Number of children (CNCP) who are covered under After Care Programme', 'NUMERATOR', NULL, NULL, NULL, 0, 0, 1, NULL, 10)  ON CONFLICT DO NOTHING;
INSERT INTO indicator (indicator_id, denominator_xpath, display_to_deo_from_month, display_to_deo_from_year, high_is_good, indicator_metadata, indicator_name, indicator_type, indicator_xpath, numerator_xpath, percentage_xpath, publish_month, publish_year, agency_id_fk, indicator_classification_id, belongs_to_indicator) VALUES (12, NULL, 0, 0, false, NULL, 'Total Number of children (CNCP) released from CCI after completion of age 18.', 'DENOMINATOR', NULL, NULL, NULL, 0, 0, 1, NULL, 10)  ON CONFLICT DO NOTHING;
INSERT INTO indicator (indicator_id, denominator_xpath, display_to_deo_from_month, display_to_deo_from_year, high_is_good, indicator_metadata, indicator_name, indicator_type, indicator_xpath, numerator_xpath, percentage_xpath, publish_month, publish_year, agency_id_fk, indicator_classification_id, belongs_to_indicator) VALUES (13, 'in_q6', 4, 2017, true, NULL, 'Percentage of children (CCL) Covered in After care programme', 'ACTUAL_INDICATOR', 'in_q8', 'in_q5', 'in_q7', 3, 2017, 1, 2, NULL)  ON CONFLICT DO NOTHING;
INSERT INTO indicator (indicator_id, denominator_xpath, display_to_deo_from_month, display_to_deo_from_year, high_is_good, indicator_metadata, indicator_name, indicator_type, indicator_xpath, numerator_xpath, percentage_xpath, publish_month, publish_year, agency_id_fk, indicator_classification_id, belongs_to_indicator) VALUES (14, NULL, 0, 0, false, NULL, 'Number of children (CCL) who are covered under After Care Programme', 'NUMERATOR', NULL, NULL, NULL, 0, 0, 1, NULL, 13)  ON CONFLICT DO NOTHING;
INSERT INTO indicator (indicator_id, denominator_xpath, display_to_deo_from_month, display_to_deo_from_year, high_is_good, indicator_metadata, indicator_name, indicator_type, indicator_xpath, numerator_xpath, percentage_xpath, publish_month, publish_year, agency_id_fk, indicator_classification_id, belongs_to_indicator) VALUES (15, NULL, 0, 0, false, NULL, 'Total Number of children (CCL) released from CCI after completion of age 18', 'DENOMINATOR', NULL, NULL, NULL, 0, 0, 1, NULL, 13)  ON CONFLICT DO NOTHING;
INSERT INTO indicator (indicator_id, denominator_xpath, display_to_deo_from_month, display_to_deo_from_year, high_is_good, indicator_metadata, indicator_name, indicator_type, indicator_xpath, numerator_xpath, percentage_xpath, publish_month, publish_year, agency_id_fk, indicator_classification_id, belongs_to_indicator) VALUES (16, 'cwc_q6', 4, 2017, true, NULL, 'Percentage of children (CNCP) for whom Social Investigation Report (SIR) is submitted', 'ACTUAL_INDICATOR', 'cwc_q8', 'cwc_q5', 'cwc_q7', 3, 2017, 1, 2, NULL)  ON CONFLICT DO NOTHING;
INSERT INTO indicator (indicator_id, denominator_xpath, display_to_deo_from_month, display_to_deo_from_year, high_is_good, indicator_metadata, indicator_name, indicator_type, indicator_xpath, numerator_xpath, percentage_xpath, publish_month, publish_year, agency_id_fk, indicator_classification_id, belongs_to_indicator) VALUES (17, NULL, 0, 0, false, NULL, 'Number of children (CNCP) case for whom Social Investigation Report (SIR) is submitted', 'NUMERATOR', NULL, NULL, NULL, 0, 0, 1, NULL, 16)  ON CONFLICT DO NOTHING;
INSERT INTO indicator (indicator_id, denominator_xpath, display_to_deo_from_month, display_to_deo_from_year, high_is_good, indicator_metadata, indicator_name, indicator_type, indicator_xpath, numerator_xpath, percentage_xpath, publish_month, publish_year, agency_id_fk, indicator_classification_id, belongs_to_indicator) VALUES (18, NULL, 0, 0, false, NULL, 'Total number of (CNCP) cases for which Social Investigation Report (SIR) is called for (Till the reporting month)', 'DENOMINATOR', NULL, NULL, NULL, 0, 0, 1, NULL, 16)  ON CONFLICT DO NOTHING;
INSERT INTO indicator (indicator_id, denominator_xpath, display_to_deo_from_month, display_to_deo_from_year, high_is_good, indicator_metadata, indicator_name, indicator_type, indicator_xpath, numerator_xpath, percentage_xpath, publish_month, publish_year, agency_id_fk, indicator_classification_id, belongs_to_indicator) VALUES (19, 'in_q10', 4, 2017, true, NULL, 'Percentage of children (CCL) for whom Social Investigation Report (SIR) is submitted', 'ACTUAL_INDICATOR', 'in_q12', 'in_q9', 'in_q11', 3, 2017, 1, 2, NULL)  ON CONFLICT DO NOTHING;
INSERT INTO indicator (indicator_id, denominator_xpath, display_to_deo_from_month, display_to_deo_from_year, high_is_good, indicator_metadata, indicator_name, indicator_type, indicator_xpath, numerator_xpath, percentage_xpath, publish_month, publish_year, agency_id_fk, indicator_classification_id, belongs_to_indicator) VALUES (20, NULL, 0, 0, false, NULL, 'Number of children (CCL) case for whom Social Investigation Report (SIR) is submitted', 'NUMERATOR', NULL, NULL, NULL, 0, 0, 1, NULL, 19)  ON CONFLICT DO NOTHING;
INSERT INTO indicator (indicator_id, denominator_xpath, display_to_deo_from_month, display_to_deo_from_year, high_is_good, indicator_metadata, indicator_name, indicator_type, indicator_xpath, numerator_xpath, percentage_xpath, publish_month, publish_year, agency_id_fk, indicator_classification_id, belongs_to_indicator) VALUES (21, NULL, 0, 0, false, NULL, 'Total number of (CCL) cases for which Social Investigation Report is called for (Till the reporting month)', 'DENOMINATOR', NULL, NULL, NULL, 0, 0, 1, NULL, 19)  ON CONFLICT DO NOTHING;
INSERT INTO indicator (indicator_id, denominator_xpath, display_to_deo_from_month, display_to_deo_from_year, high_is_good, indicator_metadata, indicator_name, indicator_type, indicator_xpath, numerator_xpath, percentage_xpath, publish_month, publish_year, agency_id_fk, indicator_classification_id, belongs_to_indicator) VALUES (22, 'Den_1', 4, 2017, true, NULL, 'Percentage of children counselled on committing offences more than once', 'ACTUAL_INDICATOR', 'n_1', 'Num_1', 'cal_1', 3, 2017, 1, 2, NULL)  ON CONFLICT DO NOTHING;
INSERT INTO indicator (indicator_id, denominator_xpath, display_to_deo_from_month, display_to_deo_from_year, high_is_good, indicator_metadata, indicator_name, indicator_type, indicator_xpath, numerator_xpath, percentage_xpath, publish_month, publish_year, agency_id_fk, indicator_classification_id, belongs_to_indicator) VALUES (23, NULL, 0, 0, false, NULL, 'Number of children counselled for committing offences more than once', 'NUMERATOR', NULL, NULL, NULL, 0, 0, 1, NULL, 22)  ON CONFLICT DO NOTHING;
INSERT INTO indicator (indicator_id, denominator_xpath, display_to_deo_from_month, display_to_deo_from_year, high_is_good, indicator_metadata, indicator_name, indicator_type, indicator_xpath, numerator_xpath, percentage_xpath, publish_month, publish_year, agency_id_fk, indicator_classification_id, belongs_to_indicator) VALUES (24, NULL, 0, 0, false, NULL, 'Total number of children (CCL) counselled', 'DENOMINATOR', NULL, NULL, NULL, 0, 0, 1, NULL, 22)  ON CONFLICT DO NOTHING;
INSERT INTO indicator (indicator_id, denominator_xpath, display_to_deo_from_month, display_to_deo_from_year, high_is_good, indicator_metadata, indicator_name, indicator_type, indicator_xpath, numerator_xpath, percentage_xpath, publish_month, publish_year, agency_id_fk, indicator_classification_id, belongs_to_indicator) VALUES (25, 'cwc_q10', 4, 2017, false, NULL, 'Percentage of children (CNCP) cases pending for more than 120 days', 'ACTUAL_INDICATOR', 'cwc_q12', 'cwc_q9', 'cwc_q11', 3, 2017, 1, 11, NULL)  ON CONFLICT DO NOTHING;
INSERT INTO indicator (indicator_id, denominator_xpath, display_to_deo_from_month, display_to_deo_from_year, high_is_good, indicator_metadata, indicator_name, indicator_type, indicator_xpath, numerator_xpath, percentage_xpath, publish_month, publish_year, agency_id_fk, indicator_classification_id, belongs_to_indicator) VALUES (26, NULL, 0, 0, false, NULL, 'Number of children (CNCP) cases pending at CWC for more than 120 days', 'NUMERATOR', NULL, NULL, NULL, 0, 0, 1, NULL, 25)  ON CONFLICT DO NOTHING;
INSERT INTO indicator (indicator_id, denominator_xpath, display_to_deo_from_month, display_to_deo_from_year, high_is_good, indicator_metadata, indicator_name, indicator_type, indicator_xpath, numerator_xpath, percentage_xpath, publish_month, publish_year, agency_id_fk, indicator_classification_id, belongs_to_indicator) VALUES (27, NULL, 0, 0, false, NULL, 'Total number of (CNCP) children handled by CWC till the reporting month', 'DENOMINATOR', NULL, NULL, NULL, 0, 0, 1, NULL, 25)  ON CONFLICT DO NOTHING;
INSERT INTO indicator (indicator_id, denominator_xpath, display_to_deo_from_month, display_to_deo_from_year, high_is_good, indicator_metadata, indicator_name, indicator_type, indicator_xpath, numerator_xpath, percentage_xpath, publish_month, publish_year, agency_id_fk, indicator_classification_id, belongs_to_indicator) VALUES (28, 'in_q14', 4, 2017, false, NULL, 'Percentage of children (CCL) cases pending for more than 120 days', 'ACTUAL_INDICATOR', 'in_q16', 'in_q13', 'in_q15', 3, 2017, 1, 11, NULL)  ON CONFLICT DO NOTHING;
INSERT INTO indicator (indicator_id, denominator_xpath, display_to_deo_from_month, display_to_deo_from_year, high_is_good, indicator_metadata, indicator_name, indicator_type, indicator_xpath, numerator_xpath, percentage_xpath, publish_month, publish_year, agency_id_fk, indicator_classification_id, belongs_to_indicator) VALUES (29, NULL, 0, 0, false, NULL, 'Number of children (CCL) cases pending at JJB for more than 120 days', 'NUMERATOR', NULL, NULL, NULL, 0, 0, 1, NULL, 28)  ON CONFLICT DO NOTHING;
INSERT INTO indicator (indicator_id, denominator_xpath, display_to_deo_from_month, display_to_deo_from_year, high_is_good, indicator_metadata, indicator_name, indicator_type, indicator_xpath, numerator_xpath, percentage_xpath, publish_month, publish_year, agency_id_fk, indicator_classification_id, belongs_to_indicator) VALUES (30, NULL, 0, 0, false, NULL, 'Total number of (CCL) cases handled by JJB till the reporting month', 'DENOMINATOR', NULL, NULL, NULL, 0, 0, 1, NULL, 28)  ON CONFLICT DO NOTHING;
INSERT INTO indicator (indicator_id, denominator_xpath, display_to_deo_from_month, display_to_deo_from_year, high_is_good, indicator_metadata, indicator_name, indicator_type, indicator_xpath, numerator_xpath, percentage_xpath, publish_month, publish_year, agency_id_fk, indicator_classification_id, belongs_to_indicator) VALUES (31, 'Den_2', 4, 2017, true, NULL, 'Percentage of children (POCSO case) received victim compensation fund', 'ACTUAL_INDICATOR', 'n_2', 'Num_2', 'cal_2', 3, 2017, 1, 3, NULL)  ON CONFLICT DO NOTHING;
INSERT INTO indicator (indicator_id, denominator_xpath, display_to_deo_from_month, display_to_deo_from_year, high_is_good, indicator_metadata, indicator_name, indicator_type, indicator_xpath, numerator_xpath, percentage_xpath, publish_month, publish_year, agency_id_fk, indicator_classification_id, belongs_to_indicator) VALUES (166, NULL, 3, 2018, true, NULL, 'Index - Results for Children', 'INDEX_INDICATOR', NULL, NULL, NULL, 2, 2018, 1, 14, NULL)  ON CONFLICT DO NOTHING;
INSERT INTO indicator (indicator_id, denominator_xpath, display_to_deo_from_month, display_to_deo_from_year, high_is_good, indicator_metadata, indicator_name, indicator_type, indicator_xpath, numerator_xpath, percentage_xpath, publish_month, publish_year, agency_id_fk, indicator_classification_id, belongs_to_indicator) VALUES (32, NULL, 0, 0, false, NULL, 'Number of children (POCSO case) received victim compensation fund', 'NUMERATOR', NULL, NULL, NULL, 0, 0, 1, NULL, 31)  ON CONFLICT DO NOTHING;
INSERT INTO indicator (indicator_id, denominator_xpath, display_to_deo_from_month, display_to_deo_from_year, high_is_good, indicator_metadata, indicator_name, indicator_type, indicator_xpath, numerator_xpath, percentage_xpath, publish_month, publish_year, agency_id_fk, indicator_classification_id, belongs_to_indicator) VALUES (33, NULL, 0, 0, false, NULL, 'Total number of children (POCSO) cases referred till the reporting month', 'DENOMINATOR', NULL, NULL, NULL, 0, 0, 1, NULL, 31)  ON CONFLICT DO NOTHING;
INSERT INTO indicator (indicator_id, denominator_xpath, display_to_deo_from_month, display_to_deo_from_year, high_is_good, indicator_metadata, indicator_name, indicator_type, indicator_xpath, numerator_xpath, percentage_xpath, publish_month, publish_year, agency_id_fk, indicator_classification_id, belongs_to_indicator) VALUES (34, 'Den_1', 4, 2017, false, NULL, 'Percentage of children awaiting adoption for more than 90 days', 'ACTUAL_INDICATOR', 'n_3', 'Num_1', 'cal_1', 3, 2017, 1, 11, NULL)  ON CONFLICT DO NOTHING;
INSERT INTO indicator (indicator_id, denominator_xpath, display_to_deo_from_month, display_to_deo_from_year, high_is_good, indicator_metadata, indicator_name, indicator_type, indicator_xpath, numerator_xpath, percentage_xpath, publish_month, publish_year, agency_id_fk, indicator_classification_id, belongs_to_indicator) VALUES (35, NULL, 0, 0, false, NULL, 'Number of children not adopted for more than 90 days since they are declared legally free for adoption.', 'NUMERATOR', NULL, NULL, NULL, 0, 0, 1, NULL, 34)  ON CONFLICT DO NOTHING;
INSERT INTO indicator (indicator_id, denominator_xpath, display_to_deo_from_month, display_to_deo_from_year, high_is_good, indicator_metadata, indicator_name, indicator_type, indicator_xpath, numerator_xpath, percentage_xpath, publish_month, publish_year, agency_id_fk, indicator_classification_id, belongs_to_indicator) VALUES (36, NULL, 0, 0, false, NULL, 'Total number of children available in SAA who are declared legally free for adoption.', 'DENOMINATOR', NULL, NULL, NULL, 0, 0, 1, NULL, 34)  ON CONFLICT DO NOTHING;
INSERT INTO indicator (indicator_id, denominator_xpath, display_to_deo_from_month, display_to_deo_from_year, high_is_good, indicator_metadata, indicator_name, indicator_type, indicator_xpath, numerator_xpath, percentage_xpath, publish_month, publish_year, agency_id_fk, indicator_classification_id, belongs_to_indicator) VALUES (37, 'Den_3', 4, 2017, false, NULL, 'Percentage of children pending under sponsorship scheme', 'ACTUAL_INDICATOR', 'n_3', 'Num_3', 'cal_3', 3, 2017, 1, 11, NULL)  ON CONFLICT DO NOTHING;
INSERT INTO indicator (indicator_id, denominator_xpath, display_to_deo_from_month, display_to_deo_from_year, high_is_good, indicator_metadata, indicator_name, indicator_type, indicator_xpath, numerator_xpath, percentage_xpath, publish_month, publish_year, agency_id_fk, indicator_classification_id, belongs_to_indicator) VALUES (38, NULL, 0, 0, false, NULL, 'Number of children who have not received sponsorship', 'NUMERATOR', NULL, NULL, NULL, 0, 0, 1, NULL, 37)  ON CONFLICT DO NOTHING;
INSERT INTO indicator (indicator_id, denominator_xpath, display_to_deo_from_month, display_to_deo_from_year, high_is_good, indicator_metadata, indicator_name, indicator_type, indicator_xpath, numerator_xpath, percentage_xpath, publish_month, publish_year, agency_id_fk, indicator_classification_id, belongs_to_indicator) VALUES (39, NULL, 0, 0, false, NULL, 'Total number of children recommended for sponsorship till the reporting month', 'DENOMINATOR', NULL, NULL, NULL, 0, 0, 1, NULL, 37)  ON CONFLICT DO NOTHING;
INSERT INTO indicator (indicator_id, denominator_xpath, display_to_deo_from_month, display_to_deo_from_year, high_is_good, indicator_metadata, indicator_name, indicator_type, indicator_xpath, numerator_xpath, percentage_xpath, publish_month, publish_year, agency_id_fk, indicator_classification_id, belongs_to_indicator) VALUES (40, 'cwc_q14', 4, 2017, true, NULL, 'Percentage of children who are in Foster Care', 'ACTUAL_INDICATOR', 'cwc_q16', 'cwc_q13', 'cwc_q15', 3, 2017, 1, 3, NULL)  ON CONFLICT DO NOTHING;
INSERT INTO indicator (indicator_id, denominator_xpath, display_to_deo_from_month, display_to_deo_from_year, high_is_good, indicator_metadata, indicator_name, indicator_type, indicator_xpath, numerator_xpath, percentage_xpath, publish_month, publish_year, agency_id_fk, indicator_classification_id, belongs_to_indicator) VALUES (41, NULL, 0, 0, false, NULL, 'Number of children provided foster care', 'NUMERATOR', NULL, NULL, NULL, 0, 0, 1, NULL, 40)  ON CONFLICT DO NOTHING;
INSERT INTO indicator (indicator_id, denominator_xpath, display_to_deo_from_month, display_to_deo_from_year, high_is_good, indicator_metadata, indicator_name, indicator_type, indicator_xpath, numerator_xpath, percentage_xpath, publish_month, publish_year, agency_id_fk, indicator_classification_id, belongs_to_indicator) VALUES (42, NULL, 0, 0, false, NULL, 'Total number of children enlisted for  foster care', 'DENOMINATOR', NULL, NULL, NULL, 0, 0, 1, NULL, 40)  ON CONFLICT DO NOTHING;
INSERT INTO indicator (indicator_id, denominator_xpath, display_to_deo_from_month, display_to_deo_from_year, high_is_good, indicator_metadata, indicator_name, indicator_type, indicator_xpath, numerator_xpath, percentage_xpath, publish_month, publish_year, agency_id_fk, indicator_classification_id, belongs_to_indicator) VALUES (43, 'Den_4', 4, 2017, true, NULL, 'Percentage of children covered in Sponsorship scheme', 'ACTUAL_INDICATOR', 'n_4', 'Num_4', 'cal_4', 3, 2017, 1, 3, NULL)  ON CONFLICT DO NOTHING;
INSERT INTO indicator (indicator_id, denominator_xpath, display_to_deo_from_month, display_to_deo_from_year, high_is_good, indicator_metadata, indicator_name, indicator_type, indicator_xpath, numerator_xpath, percentage_xpath, publish_month, publish_year, agency_id_fk, indicator_classification_id, belongs_to_indicator) VALUES (44, NULL, 0, 0, false, NULL, 'Number of children covered in sponsorship scheme', 'NUMERATOR', NULL, NULL, NULL, 0, 0, 1, NULL, 43)  ON CONFLICT DO NOTHING;
INSERT INTO indicator (indicator_id, denominator_xpath, display_to_deo_from_month, display_to_deo_from_year, high_is_good, indicator_metadata, indicator_name, indicator_type, indicator_xpath, numerator_xpath, percentage_xpath, publish_month, publish_year, agency_id_fk, indicator_classification_id, belongs_to_indicator) VALUES (45, NULL, 0, 0, false, NULL, 'Total number of children recommended for sponsorship till the reporting month', 'DENOMINATOR', NULL, NULL, NULL, 0, 0, 1, NULL, 43)  ON CONFLICT DO NOTHING;
INSERT INTO indicator (indicator_id, denominator_xpath, display_to_deo_from_month, display_to_deo_from_year, high_is_good, indicator_metadata, indicator_name, indicator_type, indicator_xpath, numerator_xpath, percentage_xpath, publish_month, publish_year, agency_id_fk, indicator_classification_id, belongs_to_indicator) VALUES (46, 'Den_5', 4, 2017, true, NULL, 'Percentage of Home Study Reports completed for PAPs', 'ACTUAL_INDICATOR', 'n_5', 'Num_5', 'cal_5', 3, 2017, 1, 3, NULL)  ON CONFLICT DO NOTHING;
INSERT INTO indicator (indicator_id, denominator_xpath, display_to_deo_from_month, display_to_deo_from_year, high_is_good, indicator_metadata, indicator_name, indicator_type, indicator_xpath, numerator_xpath, percentage_xpath, publish_month, publish_year, agency_id_fk, indicator_classification_id, belongs_to_indicator) VALUES (47, NULL, 0, 0, false, NULL, 'Number of HSR completed for PAPs', 'NUMERATOR', NULL, NULL, NULL, 0, 0, 1, NULL, 46)  ON CONFLICT DO NOTHING;
INSERT INTO indicator (indicator_id, denominator_xpath, display_to_deo_from_month, display_to_deo_from_year, high_is_good, indicator_metadata, indicator_name, indicator_type, indicator_xpath, numerator_xpath, percentage_xpath, publish_month, publish_year, agency_id_fk, indicator_classification_id, belongs_to_indicator) VALUES (48, NULL, 0, 0, false, NULL, 'Total number of (Prospective Adoptable Parent) PAPs applied till the reporting month', 'DENOMINATOR', NULL, NULL, NULL, 0, 0, 1, NULL, 46)  ON CONFLICT DO NOTHING;
INSERT INTO indicator (indicator_id, denominator_xpath, display_to_deo_from_month, display_to_deo_from_year, high_is_good, indicator_metadata, indicator_name, indicator_type, indicator_xpath, numerator_xpath, percentage_xpath, publish_month, publish_year, agency_id_fk, indicator_classification_id, belongs_to_indicator) VALUES (49, 'Den_2', 4, 2017, true, NULL, 'Percentage of children who are being adopted', 'ACTUAL_INDICATOR', 'n_4', 'Num_2', 'cal_2', 3, 2017, 1, 3, NULL)  ON CONFLICT DO NOTHING;
INSERT INTO indicator (indicator_id, denominator_xpath, display_to_deo_from_month, display_to_deo_from_year, high_is_good, indicator_metadata, indicator_name, indicator_type, indicator_xpath, numerator_xpath, percentage_xpath, publish_month, publish_year, agency_id_fk, indicator_classification_id, belongs_to_indicator) VALUES (50, NULL, 0, 0, false, NULL, 'Number of children being adopted', 'NUMERATOR', NULL, NULL, NULL, 0, 0, 1, NULL, 49)  ON CONFLICT DO NOTHING;
INSERT INTO indicator (indicator_id, denominator_xpath, display_to_deo_from_month, display_to_deo_from_year, high_is_good, indicator_metadata, indicator_name, indicator_type, indicator_xpath, numerator_xpath, percentage_xpath, publish_month, publish_year, agency_id_fk, indicator_classification_id, belongs_to_indicator) VALUES (51, NULL, 0, 0, false, NULL, 'Total number of children available in SAA who are declared legally free for adoption.', 'DENOMINATOR', NULL, NULL, NULL, 0, 0, 1, NULL, 49)  ON CONFLICT DO NOTHING;
INSERT INTO indicator (indicator_id, denominator_xpath, display_to_deo_from_month, display_to_deo_from_year, high_is_good, indicator_metadata, indicator_name, indicator_type, indicator_xpath, numerator_xpath, percentage_xpath, publish_month, publish_year, agency_id_fk, indicator_classification_id, belongs_to_indicator) VALUES (52, 'Den_6', 4, 2017, true, NULL, 'Percentage of child marriage cases stopped', 'ACTUAL_INDICATOR', 'n_6', 'Num_6', 'cal_6', 3, 2017, 1, 3, NULL)  ON CONFLICT DO NOTHING;
INSERT INTO indicator (indicator_id, denominator_xpath, display_to_deo_from_month, display_to_deo_from_year, high_is_good, indicator_metadata, indicator_name, indicator_type, indicator_xpath, numerator_xpath, percentage_xpath, publish_month, publish_year, agency_id_fk, indicator_classification_id, belongs_to_indicator) VALUES (53, NULL, 0, 0, false, NULL, 'Number of child marriage cases stopped', 'NUMERATOR', NULL, NULL, NULL, 0, 0, 1, NULL, 52)  ON CONFLICT DO NOTHING;
INSERT INTO indicator (indicator_id, denominator_xpath, display_to_deo_from_month, display_to_deo_from_year, high_is_good, indicator_metadata, indicator_name, indicator_type, indicator_xpath, numerator_xpath, percentage_xpath, publish_month, publish_year, agency_id_fk, indicator_classification_id, belongs_to_indicator) VALUES (54, NULL, 0, 0, false, NULL, 'Total number of child marriage cases reported', 'DENOMINATOR', NULL, NULL, NULL, 0, 0, 1, NULL, 52)  ON CONFLICT DO NOTHING;
INSERT INTO indicator (indicator_id, denominator_xpath, display_to_deo_from_month, display_to_deo_from_year, high_is_good, indicator_metadata, indicator_name, indicator_type, indicator_xpath, numerator_xpath, percentage_xpath, publish_month, publish_year, agency_id_fk, indicator_classification_id, belongs_to_indicator) VALUES (55, 'Den_7', 4, 2017, true, NULL, 'Percentage of child labourers rehabilitated through back to school programme', 'ACTUAL_INDICATOR', 'n_7', 'Num_7', 'cal_7', 3, 2017, 1, 3, NULL)  ON CONFLICT DO NOTHING;
INSERT INTO indicator (indicator_id, denominator_xpath, display_to_deo_from_month, display_to_deo_from_year, high_is_good, indicator_metadata, indicator_name, indicator_type, indicator_xpath, numerator_xpath, percentage_xpath, publish_month, publish_year, agency_id_fk, indicator_classification_id, belongs_to_indicator) VALUES (56, NULL, 0, 0, false, NULL, 'Number of child labourers rehabilitated through back to school programme', 'NUMERATOR', NULL, NULL, NULL, 0, 0, 1, NULL, 55)  ON CONFLICT DO NOTHING;
INSERT INTO indicator (indicator_id, denominator_xpath, display_to_deo_from_month, display_to_deo_from_year, high_is_good, indicator_metadata, indicator_name, indicator_type, indicator_xpath, numerator_xpath, percentage_xpath, publish_month, publish_year, agency_id_fk, indicator_classification_id, belongs_to_indicator) VALUES (57, NULL, 0, 0, false, NULL, 'Total number of child labourers rescued', 'DENOMINATOR', NULL, NULL, NULL, 0, 0, 1, NULL, 55)  ON CONFLICT DO NOTHING;
INSERT INTO indicator (indicator_id, denominator_xpath, display_to_deo_from_month, display_to_deo_from_year, high_is_good, indicator_metadata, indicator_name, indicator_type, indicator_xpath, numerator_xpath, percentage_xpath, publish_month, publish_year, agency_id_fk, indicator_classification_id, belongs_to_indicator) VALUES (58, 'Den_21', 4, 2017, true, NULL, 'Percentage of children for whom the DCPU has facilitated rehabilitation from any kind of violation.', 'ACTUAL_INDICATOR', 'n_21', 'Num_21', 'cal_21', 3, 2017, 1, 3, NULL)  ON CONFLICT DO NOTHING;
INSERT INTO indicator (indicator_id, denominator_xpath, display_to_deo_from_month, display_to_deo_from_year, high_is_good, indicator_metadata, indicator_name, indicator_type, indicator_xpath, numerator_xpath, percentage_xpath, publish_month, publish_year, agency_id_fk, indicator_classification_id, belongs_to_indicator) VALUES (59, NULL, 0, 0, false, NULL, 'Number of children for whom the DCPU has facilitated rehabilitation from any kind of violation.', 'NUMERATOR', NULL, NULL, NULL, 0, 0, 1, NULL, 58)  ON CONFLICT DO NOTHING;
INSERT INTO indicator (indicator_id, denominator_xpath, display_to_deo_from_month, display_to_deo_from_year, high_is_good, indicator_metadata, indicator_name, indicator_type, indicator_xpath, numerator_xpath, percentage_xpath, publish_month, publish_year, agency_id_fk, indicator_classification_id, belongs_to_indicator) VALUES (60, NULL, 0, 0, false, NULL, 'Number of Children referred to DCPU by CWC for rehabilitation.', 'DENOMINATOR', NULL, NULL, NULL, 0, 0, 1, NULL, 58)  ON CONFLICT DO NOTHING;
INSERT INTO indicator (indicator_id, denominator_xpath, display_to_deo_from_month, display_to_deo_from_year, high_is_good, indicator_metadata, indicator_name, indicator_type, indicator_xpath, numerator_xpath, percentage_xpath, publish_month, publish_year, agency_id_fk, indicator_classification_id, belongs_to_indicator) VALUES (61, 'Den_22', 4, 2017, true, NULL, 'Percentage of children followed up after rehabilitation. ', 'ACTUAL_INDICATOR', 'n_22', 'Num_22', 'cal_22', 3, 2017, 1, 2, NULL)  ON CONFLICT DO NOTHING;
INSERT INTO indicator (indicator_id, denominator_xpath, display_to_deo_from_month, display_to_deo_from_year, high_is_good, indicator_metadata, indicator_name, indicator_type, indicator_xpath, numerator_xpath, percentage_xpath, publish_month, publish_year, agency_id_fk, indicator_classification_id, belongs_to_indicator) VALUES (62, NULL, 0, 0, false, NULL, 'Number of children followed up after rehabilitation. ', 'NUMERATOR', NULL, NULL, NULL, 0, 0, 1, NULL, 61)  ON CONFLICT DO NOTHING;
INSERT INTO indicator (indicator_id, denominator_xpath, display_to_deo_from_month, display_to_deo_from_year, high_is_good, indicator_metadata, indicator_name, indicator_type, indicator_xpath, numerator_xpath, percentage_xpath, publish_month, publish_year, agency_id_fk, indicator_classification_id, belongs_to_indicator) VALUES (63, NULL, 0, 0, false, NULL, 'Number of Children rehabilitated by DCPU who are under follow up till the reporting month', 'DENOMINATOR', NULL, NULL, NULL, 0, 0, 1, NULL, 61)  ON CONFLICT DO NOTHING;
INSERT INTO indicator (indicator_id, denominator_xpath, display_to_deo_from_month, display_to_deo_from_year, high_is_good, indicator_metadata, indicator_name, indicator_type, indicator_xpath, numerator_xpath, percentage_xpath, publish_month, publish_year, agency_id_fk, indicator_classification_id, belongs_to_indicator) VALUES (64, 'Den_8', 4, 2017, true, NULL, 'Percentage of child labourers enrolled who drop out of school after rehabilitation', 'ACTUAL_INDICATOR', 'n_8', 'Num_8', 'cal_8', 3, 2017, 1, 3, NULL)  ON CONFLICT DO NOTHING;
INSERT INTO indicator (indicator_id, denominator_xpath, display_to_deo_from_month, display_to_deo_from_year, high_is_good, indicator_metadata, indicator_name, indicator_type, indicator_xpath, numerator_xpath, percentage_xpath, publish_month, publish_year, agency_id_fk, indicator_classification_id, belongs_to_indicator) VALUES (65, NULL, 0, 0, false, NULL, 'Number of child labourers enrolled who dropped out from school after rehabilitation', 'NUMERATOR', NULL, NULL, NULL, 0, 0, 1, NULL, 64)  ON CONFLICT DO NOTHING;
INSERT INTO indicator (indicator_id, denominator_xpath, display_to_deo_from_month, display_to_deo_from_year, high_is_good, indicator_metadata, indicator_name, indicator_type, indicator_xpath, numerator_xpath, percentage_xpath, publish_month, publish_year, agency_id_fk, indicator_classification_id, belongs_to_indicator) VALUES (167, NULL, 3, 2018, true, NULL, 'Index - Human Resource', 'INDEX_INDICATOR', NULL, NULL, NULL, 2, 2018, 1, 15, NULL)  ON CONFLICT DO NOTHING;
INSERT INTO indicator (indicator_id, denominator_xpath, display_to_deo_from_month, display_to_deo_from_year, high_is_good, indicator_metadata, indicator_name, indicator_type, indicator_xpath, numerator_xpath, percentage_xpath, publish_month, publish_year, agency_id_fk, indicator_classification_id, belongs_to_indicator) VALUES (66, NULL, 0, 0, false, NULL, 'Total number of child labourers enrolled in back to school programme till the reporting month', 'DENOMINATOR', NULL, NULL, NULL, 0, 0, 1, NULL, 64)  ON CONFLICT DO NOTHING;
INSERT INTO indicator (indicator_id, denominator_xpath, display_to_deo_from_month, display_to_deo_from_year, high_is_good, indicator_metadata, indicator_name, indicator_type, indicator_xpath, numerator_xpath, percentage_xpath, publish_month, publish_year, agency_id_fk, indicator_classification_id, belongs_to_indicator) VALUES (67, 'Den_23', 4, 2017, true, NULL, 'Percentage of Children have their own Aadhaar card', 'ACTUAL_INDICATOR', 'n_23', 'Num_23', 'cal_23', 3, 2017, 1, 2, NULL)  ON CONFLICT DO NOTHING;
INSERT INTO indicator (indicator_id, denominator_xpath, display_to_deo_from_month, display_to_deo_from_year, high_is_good, indicator_metadata, indicator_name, indicator_type, indicator_xpath, numerator_xpath, percentage_xpath, publish_month, publish_year, agency_id_fk, indicator_classification_id, belongs_to_indicator) VALUES (68, NULL, 0, 0, false, NULL, 'Number of Children have their own Aadhaar Card', 'NUMERATOR', NULL, NULL, NULL, 0, 0, 1, NULL, 67)  ON CONFLICT DO NOTHING;
INSERT INTO indicator (indicator_id, denominator_xpath, display_to_deo_from_month, display_to_deo_from_year, high_is_good, indicator_metadata, indicator_name, indicator_type, indicator_xpath, numerator_xpath, percentage_xpath, publish_month, publish_year, agency_id_fk, indicator_classification_id, belongs_to_indicator) VALUES (69, NULL, 0, 0, false, NULL, 'Number of children residing in all the registered CCIs', 'DENOMINATOR', NULL, NULL, NULL, 0, 0, 1, NULL, 67)  ON CONFLICT DO NOTHING;
INSERT INTO indicator (indicator_id, denominator_xpath, display_to_deo_from_month, display_to_deo_from_year, high_is_good, indicator_metadata, indicator_name, indicator_type, indicator_xpath, numerator_xpath, percentage_xpath, publish_month, publish_year, agency_id_fk, indicator_classification_id, belongs_to_indicator) VALUES (70, 'Den_24', 4, 2017, true, NULL, 'Percentage of Children enrolled for Aadhaar card', 'ACTUAL_INDICATOR', 'n_24', 'Num_24', 'cal_24', 3, 2017, 1, 2, NULL)  ON CONFLICT DO NOTHING;
INSERT INTO indicator (indicator_id, denominator_xpath, display_to_deo_from_month, display_to_deo_from_year, high_is_good, indicator_metadata, indicator_name, indicator_type, indicator_xpath, numerator_xpath, percentage_xpath, publish_month, publish_year, agency_id_fk, indicator_classification_id, belongs_to_indicator) VALUES (71, NULL, 0, 0, false, NULL, 'Number of Children enrolled for Aadhaar Card', 'NUMERATOR', NULL, NULL, NULL, 0, 0, 1, NULL, 70)  ON CONFLICT DO NOTHING;
INSERT INTO indicator (indicator_id, denominator_xpath, display_to_deo_from_month, display_to_deo_from_year, high_is_good, indicator_metadata, indicator_name, indicator_type, indicator_xpath, numerator_xpath, percentage_xpath, publish_month, publish_year, agency_id_fk, indicator_classification_id, belongs_to_indicator) VALUES (72, NULL, 0, 0, false, NULL, 'Number of children residing in all the registered CCIs', 'DENOMINATOR', NULL, NULL, NULL, 0, 0, 1, NULL, 70)  ON CONFLICT DO NOTHING;
INSERT INTO indicator (indicator_id, denominator_xpath, display_to_deo_from_month, display_to_deo_from_year, high_is_good, indicator_metadata, indicator_name, indicator_type, indicator_xpath, numerator_xpath, percentage_xpath, publish_month, publish_year, agency_id_fk, indicator_classification_id, belongs_to_indicator) VALUES (73, 'Den_25', 4, 2017, true, NULL, 'Percentage of Children having Bank accounts', 'ACTUAL_INDICATOR', 'n_25', 'Num_25', 'cal_25', 3, 2017, 1, 2, NULL)  ON CONFLICT DO NOTHING;
INSERT INTO indicator (indicator_id, denominator_xpath, display_to_deo_from_month, display_to_deo_from_year, high_is_good, indicator_metadata, indicator_name, indicator_type, indicator_xpath, numerator_xpath, percentage_xpath, publish_month, publish_year, agency_id_fk, indicator_classification_id, belongs_to_indicator) VALUES (74, NULL, 0, 0, false, NULL, 'Number of Children having Bank accounts', 'NUMERATOR', NULL, NULL, NULL, 0, 0, 1, NULL, 73)  ON CONFLICT DO NOTHING;
INSERT INTO indicator (indicator_id, denominator_xpath, display_to_deo_from_month, display_to_deo_from_year, high_is_good, indicator_metadata, indicator_name, indicator_type, indicator_xpath, numerator_xpath, percentage_xpath, publish_month, publish_year, agency_id_fk, indicator_classification_id, belongs_to_indicator) VALUES (75, NULL, 0, 0, false, NULL, 'Total number of Children residing in all the registered CCIs.', 'DENOMINATOR', NULL, NULL, NULL, 0, 0, 1, NULL, 73)  ON CONFLICT DO NOTHING;
INSERT INTO indicator (indicator_id, denominator_xpath, display_to_deo_from_month, display_to_deo_from_year, high_is_good, indicator_metadata, indicator_name, indicator_type, indicator_xpath, numerator_xpath, percentage_xpath, publish_month, publish_year, agency_id_fk, indicator_classification_id, belongs_to_indicator) VALUES (76, 'Den_26', 4, 2017, true, NULL, 'Percentage of Children having Aadhaar card and seeded with their Bank account', 'ACTUAL_INDICATOR', 'n_26', 'Num_26', 'cal_26', 3, 2017, 1, 2, NULL)  ON CONFLICT DO NOTHING;
INSERT INTO indicator (indicator_id, denominator_xpath, display_to_deo_from_month, display_to_deo_from_year, high_is_good, indicator_metadata, indicator_name, indicator_type, indicator_xpath, numerator_xpath, percentage_xpath, publish_month, publish_year, agency_id_fk, indicator_classification_id, belongs_to_indicator) VALUES (77, NULL, 0, 0, false, NULL, 'Number of Children having Aadhaar card and seeded with their Bank account', 'NUMERATOR', NULL, NULL, NULL, 0, 0, 1, NULL, 76)  ON CONFLICT DO NOTHING;
INSERT INTO indicator (indicator_id, denominator_xpath, display_to_deo_from_month, display_to_deo_from_year, high_is_good, indicator_metadata, indicator_name, indicator_type, indicator_xpath, numerator_xpath, percentage_xpath, publish_month, publish_year, agency_id_fk, indicator_classification_id, belongs_to_indicator) VALUES (78, NULL, 0, 0, false, NULL, 'Number of Children having Aadhaar card and Bank accounts.', 'DENOMINATOR', NULL, NULL, NULL, 0, 0, 1, NULL, 76)  ON CONFLICT DO NOTHING;
INSERT INTO indicator (indicator_id, denominator_xpath, display_to_deo_from_month, display_to_deo_from_year, high_is_good, indicator_metadata, indicator_name, indicator_type, indicator_xpath, numerator_xpath, percentage_xpath, publish_month, publish_year, agency_id_fk, indicator_classification_id, belongs_to_indicator) VALUES (79, 'Den_9', 4, 2017, true, NULL, 'Percentage of missing children found', 'ACTUAL_INDICATOR', 'n_9', 'Num_9', 'cal_9', 3, 2017, 1, 12, NULL)  ON CONFLICT DO NOTHING;
INSERT INTO indicator (indicator_id, denominator_xpath, display_to_deo_from_month, display_to_deo_from_year, high_is_good, indicator_metadata, indicator_name, indicator_type, indicator_xpath, numerator_xpath, percentage_xpath, publish_month, publish_year, agency_id_fk, indicator_classification_id, belongs_to_indicator) VALUES (80, NULL, 0, 0, false, NULL, 'Number of missing children found', 'NUMERATOR', NULL, NULL, NULL, 0, 0, 1, NULL, 79)  ON CONFLICT DO NOTHING;
INSERT INTO indicator (indicator_id, denominator_xpath, display_to_deo_from_month, display_to_deo_from_year, high_is_good, indicator_metadata, indicator_name, indicator_type, indicator_xpath, numerator_xpath, percentage_xpath, publish_month, publish_year, agency_id_fk, indicator_classification_id, belongs_to_indicator) VALUES (81, NULL, 0, 0, false, NULL, 'Total number of children missing registered', 'DENOMINATOR', NULL, NULL, NULL, 0, 0, 1, NULL, 79)  ON CONFLICT DO NOTHING;
INSERT INTO indicator (indicator_id, denominator_xpath, display_to_deo_from_month, display_to_deo_from_year, high_is_good, indicator_metadata, indicator_name, indicator_type, indicator_xpath, numerator_xpath, percentage_xpath, publish_month, publish_year, agency_id_fk, indicator_classification_id, belongs_to_indicator) VALUES (82, 'q2', 4, 2017, true, NULL, 'Percentage of SJPUs with all posts filled', 'ACTUAL_INDICATOR', 'q4', 'q1', 'cal_q3', 3, 2017, 1, 5, NULL)  ON CONFLICT DO NOTHING;
INSERT INTO indicator (indicator_id, denominator_xpath, display_to_deo_from_month, display_to_deo_from_year, high_is_good, indicator_metadata, indicator_name, indicator_type, indicator_xpath, numerator_xpath, percentage_xpath, publish_month, publish_year, agency_id_fk, indicator_classification_id, belongs_to_indicator) VALUES (83, NULL, 0, 0, false, NULL, 'Number of SJPUs with all posts filled', 'NUMERATOR', NULL, NULL, NULL, 0, 0, 1, NULL, 82)  ON CONFLICT DO NOTHING;
INSERT INTO indicator (indicator_id, denominator_xpath, display_to_deo_from_month, display_to_deo_from_year, high_is_good, indicator_metadata, indicator_name, indicator_type, indicator_xpath, numerator_xpath, percentage_xpath, publish_month, publish_year, agency_id_fk, indicator_classification_id, belongs_to_indicator) VALUES (84, NULL, 0, 0, false, NULL, 'Total number of SJPUs available', 'DENOMINATOR', NULL, NULL, NULL, 0, 0, 1, NULL, 82)  ON CONFLICT DO NOTHING;
INSERT INTO indicator (indicator_id, denominator_xpath, display_to_deo_from_month, display_to_deo_from_year, high_is_good, indicator_metadata, indicator_name, indicator_type, indicator_xpath, numerator_xpath, percentage_xpath, publish_month, publish_year, agency_id_fk, indicator_classification_id, belongs_to_indicator) VALUES (85, 'Den_10', 4, 2017, true, NULL, 'Percentage of DCPUs with all sanctions filled (12number of staffs)', 'ACTUAL_INDICATOR', 'n_10', 'Num_10', 'cal_10', 3, 2017, 1, 5, NULL)  ON CONFLICT DO NOTHING;
INSERT INTO indicator (indicator_id, denominator_xpath, display_to_deo_from_month, display_to_deo_from_year, high_is_good, indicator_metadata, indicator_name, indicator_type, indicator_xpath, numerator_xpath, percentage_xpath, publish_month, publish_year, agency_id_fk, indicator_classification_id, belongs_to_indicator) VALUES (86, NULL, 0, 0, false, NULL, 'Total Number of DCPUs with all posts filled', 'NUMERATOR', NULL, NULL, NULL, 0, 0, 1, NULL, 85)  ON CONFLICT DO NOTHING;
INSERT INTO indicator (indicator_id, denominator_xpath, display_to_deo_from_month, display_to_deo_from_year, high_is_good, indicator_metadata, indicator_name, indicator_type, indicator_xpath, numerator_xpath, percentage_xpath, publish_month, publish_year, agency_id_fk, indicator_classification_id, belongs_to_indicator) VALUES (87, NULL, 0, 0, false, NULL, 'Total number of DCPUs', 'DENOMINATOR', NULL, NULL, NULL, 0, 0, 1, NULL, 85)  ON CONFLICT DO NOTHING;
INSERT INTO indicator (indicator_id, denominator_xpath, display_to_deo_from_month, display_to_deo_from_year, high_is_good, indicator_metadata, indicator_name, indicator_type, indicator_xpath, numerator_xpath, percentage_xpath, publish_month, publish_year, agency_id_fk, indicator_classification_id, belongs_to_indicator) VALUES (88, 'q6', 4, 2017, true, NULL, 'Percentage of Police Stations with at least one CWPOs', 'ACTUAL_INDICATOR', 'q8', 'q5', 'cal_q7', 3, 2017, 1, 5, NULL)  ON CONFLICT DO NOTHING;
INSERT INTO indicator (indicator_id, denominator_xpath, display_to_deo_from_month, display_to_deo_from_year, high_is_good, indicator_metadata, indicator_name, indicator_type, indicator_xpath, numerator_xpath, percentage_xpath, publish_month, publish_year, agency_id_fk, indicator_classification_id, belongs_to_indicator) VALUES (89, NULL, 0, 0, false, NULL, 'Number of police stations have at least one CWPO', 'NUMERATOR', NULL, NULL, NULL, 0, 0, 1, NULL, 88)  ON CONFLICT DO NOTHING;
INSERT INTO indicator (indicator_id, denominator_xpath, display_to_deo_from_month, display_to_deo_from_year, high_is_good, indicator_metadata, indicator_name, indicator_type, indicator_xpath, numerator_xpath, percentage_xpath, publish_month, publish_year, agency_id_fk, indicator_classification_id, belongs_to_indicator) VALUES (90, NULL, 0, 0, false, NULL, 'Total number of police stations available', 'DENOMINATOR', NULL, NULL, NULL, 0, 0, 1, NULL, 88)  ON CONFLICT DO NOTHING;
INSERT INTO indicator (indicator_id, denominator_xpath, display_to_deo_from_month, display_to_deo_from_year, high_is_good, indicator_metadata, indicator_name, indicator_type, indicator_xpath, numerator_xpath, percentage_xpath, publish_month, publish_year, agency_id_fk, indicator_classification_id, belongs_to_indicator) VALUES (91, 'q10', 4, 2017, true, NULL, 'Percentage of CCIs staff members who received training on Juvenile Justice Act.', 'ACTUAL_INDICATOR', 'q12', 'q9', 'cal_q11', 3, 2017, 1, 6, NULL)  ON CONFLICT DO NOTHING;
INSERT INTO indicator (indicator_id, denominator_xpath, display_to_deo_from_month, display_to_deo_from_year, high_is_good, indicator_metadata, indicator_name, indicator_type, indicator_xpath, numerator_xpath, percentage_xpath, publish_month, publish_year, agency_id_fk, indicator_classification_id, belongs_to_indicator) VALUES (92, NULL, 0, 0, false, NULL, 'Number of CCI staff members received training on Juvenile Justice Act', 'NUMERATOR', NULL, NULL, NULL, 0, 0, 1, NULL, 91)  ON CONFLICT DO NOTHING;
INSERT INTO indicator (indicator_id, denominator_xpath, display_to_deo_from_month, display_to_deo_from_year, high_is_good, indicator_metadata, indicator_name, indicator_type, indicator_xpath, numerator_xpath, percentage_xpath, publish_month, publish_year, agency_id_fk, indicator_classification_id, belongs_to_indicator) VALUES (93, NULL, 0, 0, false, NULL, 'Total number of CCI staff members available', 'DENOMINATOR', NULL, NULL, NULL, 0, 0, 1, NULL, 91)  ON CONFLICT DO NOTHING;
INSERT INTO indicator (indicator_id, denominator_xpath, display_to_deo_from_month, display_to_deo_from_year, high_is_good, indicator_metadata, indicator_name, indicator_type, indicator_xpath, numerator_xpath, percentage_xpath, publish_month, publish_year, agency_id_fk, indicator_classification_id, belongs_to_indicator) VALUES (94, 'cwc_q18', 4, 2017, true, NULL, 'Percentage of members in CWC who received training', 'ACTUAL_INDICATOR', 'cwc_q20', 'cwc_q17', 'cwc_q19', 3, 2017, 1, 6, NULL)  ON CONFLICT DO NOTHING;
INSERT INTO indicator (indicator_id, denominator_xpath, display_to_deo_from_month, display_to_deo_from_year, high_is_good, indicator_metadata, indicator_name, indicator_type, indicator_xpath, numerator_xpath, percentage_xpath, publish_month, publish_year, agency_id_fk, indicator_classification_id, belongs_to_indicator) VALUES (95, NULL, 0, 0, false, NULL, 'Number of CWC members received training', 'NUMERATOR', NULL, NULL, NULL, 0, 0, 1, NULL, 94)  ON CONFLICT DO NOTHING;
INSERT INTO indicator (indicator_id, denominator_xpath, display_to_deo_from_month, display_to_deo_from_year, high_is_good, indicator_metadata, indicator_name, indicator_type, indicator_xpath, numerator_xpath, percentage_xpath, publish_month, publish_year, agency_id_fk, indicator_classification_id, belongs_to_indicator) VALUES (96, NULL, 0, 0, false, NULL, 'Total number of member available in CWC', 'DENOMINATOR', NULL, NULL, NULL, 0, 0, 1, NULL, 94)  ON CONFLICT DO NOTHING;
INSERT INTO indicator (indicator_id, denominator_xpath, display_to_deo_from_month, display_to_deo_from_year, high_is_good, indicator_metadata, indicator_name, indicator_type, indicator_xpath, numerator_xpath, percentage_xpath, publish_month, publish_year, agency_id_fk, indicator_classification_id, belongs_to_indicator) VALUES (97, 'in_q18', 4, 2017, true, NULL, 'Percentage of members in JJB received training', 'ACTUAL_INDICATOR', 'in_q20', 'in_q17', 'in_q19', 3, 2017, 1, 6, NULL)  ON CONFLICT DO NOTHING;
INSERT INTO indicator (indicator_id, denominator_xpath, display_to_deo_from_month, display_to_deo_from_year, high_is_good, indicator_metadata, indicator_name, indicator_type, indicator_xpath, numerator_xpath, percentage_xpath, publish_month, publish_year, agency_id_fk, indicator_classification_id, belongs_to_indicator) VALUES (98, NULL, 0, 0, false, NULL, 'Number of JJB members received training', 'NUMERATOR', NULL, NULL, NULL, 0, 0, 1, NULL, 97)  ON CONFLICT DO NOTHING;
INSERT INTO indicator (indicator_id, denominator_xpath, display_to_deo_from_month, display_to_deo_from_year, high_is_good, indicator_metadata, indicator_name, indicator_type, indicator_xpath, numerator_xpath, percentage_xpath, publish_month, publish_year, agency_id_fk, indicator_classification_id, belongs_to_indicator) VALUES (99, NULL, 0, 0, false, NULL, 'Total number of member available in JJB', 'DENOMINATOR', NULL, NULL, NULL, 0, 0, 1, NULL, 97)  ON CONFLICT DO NOTHING;
INSERT INTO indicator (indicator_id, denominator_xpath, display_to_deo_from_month, display_to_deo_from_year, high_is_good, indicator_metadata, indicator_name, indicator_type, indicator_xpath, numerator_xpath, percentage_xpath, publish_month, publish_year, agency_id_fk, indicator_classification_id, belongs_to_indicator) VALUES (100, 'q14', 4, 2017, true, NULL, 'Percentage of members in SJPU received training', 'ACTUAL_INDICATOR', 'q16', 'q13', 'cal_q15', 3, 2017, 1, 6, NULL)  ON CONFLICT DO NOTHING;
INSERT INTO indicator (indicator_id, denominator_xpath, display_to_deo_from_month, display_to_deo_from_year, high_is_good, indicator_metadata, indicator_name, indicator_type, indicator_xpath, numerator_xpath, percentage_xpath, publish_month, publish_year, agency_id_fk, indicator_classification_id, belongs_to_indicator) VALUES (101, NULL, 0, 0, false, NULL, 'Number of SJPU members who received training', 'NUMERATOR', NULL, NULL, NULL, 0, 0, 1, NULL, 100)  ON CONFLICT DO NOTHING;
INSERT INTO indicator (indicator_id, denominator_xpath, display_to_deo_from_month, display_to_deo_from_year, high_is_good, indicator_metadata, indicator_name, indicator_type, indicator_xpath, numerator_xpath, percentage_xpath, publish_month, publish_year, agency_id_fk, indicator_classification_id, belongs_to_indicator) VALUES (168, NULL, 3, 2018, true, NULL, 'Index - ICPS Structure and Functionality', 'INDEX_INDICATOR', NULL, NULL, NULL, 2, 2018, 1, 16, NULL)  ON CONFLICT DO NOTHING;
INSERT INTO indicator (indicator_id, denominator_xpath, display_to_deo_from_month, display_to_deo_from_year, high_is_good, indicator_metadata, indicator_name, indicator_type, indicator_xpath, numerator_xpath, percentage_xpath, publish_month, publish_year, agency_id_fk, indicator_classification_id, belongs_to_indicator) VALUES (102, NULL, 0, 0, false, NULL, 'Total number of members available in SJPU', 'DENOMINATOR', NULL, NULL, NULL, 0, 0, 1, NULL, 100)  ON CONFLICT DO NOTHING;
INSERT INTO indicator (indicator_id, denominator_xpath, display_to_deo_from_month, display_to_deo_from_year, high_is_good, indicator_metadata, indicator_name, indicator_type, indicator_xpath, numerator_xpath, percentage_xpath, publish_month, publish_year, agency_id_fk, indicator_classification_id, belongs_to_indicator) VALUES (103, 'Den_27', 4, 2017, true, NULL, 'Percentage of sensitization or training/capacity building programmes organized by DCPUs for stake holders', 'ACTUAL_INDICATOR', 'n_27', 'Num_27', 'cal_27', 3, 2017, 1, 6, NULL)  ON CONFLICT DO NOTHING;
INSERT INTO indicator (indicator_id, denominator_xpath, display_to_deo_from_month, display_to_deo_from_year, high_is_good, indicator_metadata, indicator_name, indicator_type, indicator_xpath, numerator_xpath, percentage_xpath, publish_month, publish_year, agency_id_fk, indicator_classification_id, belongs_to_indicator) VALUES (104, NULL, 0, 0, false, NULL, 'Number of sensitization or training/capacity building programmes organized by DCPUs for stake holders', 'NUMERATOR', NULL, NULL, NULL, 0, 0, 1, NULL, 103)  ON CONFLICT DO NOTHING;
INSERT INTO indicator (indicator_id, denominator_xpath, display_to_deo_from_month, display_to_deo_from_year, high_is_good, indicator_metadata, indicator_name, indicator_type, indicator_xpath, numerator_xpath, percentage_xpath, publish_month, publish_year, agency_id_fk, indicator_classification_id, belongs_to_indicator) VALUES (105, NULL, 0, 0, false, NULL, 'Number of training programmes proposed', 'DENOMINATOR', NULL, NULL, NULL, 0, 0, 1, NULL, 103)  ON CONFLICT DO NOTHING;
INSERT INTO indicator (indicator_id, denominator_xpath, display_to_deo_from_month, display_to_deo_from_year, high_is_good, indicator_metadata, indicator_name, indicator_type, indicator_xpath, numerator_xpath, percentage_xpath, publish_month, publish_year, agency_id_fk, indicator_classification_id, belongs_to_indicator) VALUES (106, 'Den_28', 4, 2017, true, NULL, 'Percentage of awareness programmes organized for children/community people/Line Department Representitive/ SHGs/Primary stakeholders etc.', 'ACTUAL_INDICATOR', 'n_28', 'Num_28', 'cal_28', 3, 2017, 1, 6, NULL)  ON CONFLICT DO NOTHING;
INSERT INTO indicator (indicator_id, denominator_xpath, display_to_deo_from_month, display_to_deo_from_year, high_is_good, indicator_metadata, indicator_name, indicator_type, indicator_xpath, numerator_xpath, percentage_xpath, publish_month, publish_year, agency_id_fk, indicator_classification_id, belongs_to_indicator) VALUES (107, NULL, 0, 0, false, NULL, 'Number of awareness programmes organized for children/community people/front line workers/ SHGs/Primary stakeholders etc.', 'NUMERATOR', NULL, NULL, NULL, 0, 0, 1, NULL, 106)  ON CONFLICT DO NOTHING;
INSERT INTO indicator (indicator_id, denominator_xpath, display_to_deo_from_month, display_to_deo_from_year, high_is_good, indicator_metadata, indicator_name, indicator_type, indicator_xpath, numerator_xpath, percentage_xpath, publish_month, publish_year, agency_id_fk, indicator_classification_id, belongs_to_indicator) VALUES (108, NULL, 0, 0, false, NULL, 'Number of awareness programmes proposed', 'DENOMINATOR', NULL, NULL, NULL, 0, 0, 1, NULL, 106)  ON CONFLICT DO NOTHING;
INSERT INTO indicator (indicator_id, denominator_xpath, display_to_deo_from_month, display_to_deo_from_year, high_is_good, indicator_metadata, indicator_name, indicator_type, indicator_xpath, numerator_xpath, percentage_xpath, publish_month, publish_year, agency_id_fk, indicator_classification_id, belongs_to_indicator) VALUES (109, 'Den_11', 4, 2017, true, NULL, 'Percentage of members in DCPU received training ', 'ACTUAL_INDICATOR', 'n_11', 'Num_11', 'cal_11', 3, 2017, 1, 6, NULL)  ON CONFLICT DO NOTHING;
INSERT INTO indicator (indicator_id, denominator_xpath, display_to_deo_from_month, display_to_deo_from_year, high_is_good, indicator_metadata, indicator_name, indicator_type, indicator_xpath, numerator_xpath, percentage_xpath, publish_month, publish_year, agency_id_fk, indicator_classification_id, belongs_to_indicator) VALUES (110, NULL, 0, 0, false, NULL, 'Number of DCPU members received training', 'NUMERATOR', NULL, NULL, NULL, 0, 0, 1, NULL, 109)  ON CONFLICT DO NOTHING;
INSERT INTO indicator (indicator_id, denominator_xpath, display_to_deo_from_month, display_to_deo_from_year, high_is_good, indicator_metadata, indicator_name, indicator_type, indicator_xpath, numerator_xpath, percentage_xpath, publish_month, publish_year, agency_id_fk, indicator_classification_id, belongs_to_indicator) VALUES (111, NULL, 0, 0, false, NULL, 'Total number of member available in a DCPU', 'DENOMINATOR', NULL, NULL, NULL, 0, 0, 1, NULL, 109)  ON CONFLICT DO NOTHING;
INSERT INTO indicator (indicator_id, denominator_xpath, display_to_deo_from_month, display_to_deo_from_year, high_is_good, indicator_metadata, indicator_name, indicator_type, indicator_xpath, numerator_xpath, percentage_xpath, publish_month, publish_year, agency_id_fk, indicator_classification_id, belongs_to_indicator) VALUES (112, 'Den_12', 4, 2017, true, NULL, 'Percentage of District Child Protection Committee (DCPC) set up', 'ACTUAL_INDICATOR', 'n_12', 'Num_12', 'cal_12', 3, 2017, 1, 8, NULL)  ON CONFLICT DO NOTHING;
INSERT INTO indicator (indicator_id, denominator_xpath, display_to_deo_from_month, display_to_deo_from_year, high_is_good, indicator_metadata, indicator_name, indicator_type, indicator_xpath, numerator_xpath, percentage_xpath, publish_month, publish_year, agency_id_fk, indicator_classification_id, belongs_to_indicator) VALUES (113, NULL, 0, 0, false, NULL, 'Number of DCPC formed', 'NUMERATOR', NULL, NULL, NULL, 0, 0, 1, NULL, 112)  ON CONFLICT DO NOTHING;
INSERT INTO indicator (indicator_id, denominator_xpath, display_to_deo_from_month, display_to_deo_from_year, high_is_good, indicator_metadata, indicator_name, indicator_type, indicator_xpath, numerator_xpath, percentage_xpath, publish_month, publish_year, agency_id_fk, indicator_classification_id, belongs_to_indicator) VALUES (114, NULL, 0, 0, false, NULL, 'Total number of DCPCs to be set up as per guidelines', 'DENOMINATOR', NULL, NULL, NULL, 0, 0, 1, NULL, 112)  ON CONFLICT DO NOTHING;
INSERT INTO indicator (indicator_id, denominator_xpath, display_to_deo_from_month, display_to_deo_from_year, high_is_good, indicator_metadata, indicator_name, indicator_type, indicator_xpath, numerator_xpath, percentage_xpath, publish_month, publish_year, agency_id_fk, indicator_classification_id, belongs_to_indicator) VALUES (115, 'Den_13', 4, 2017, true, NULL, 'Percentage of Block level Child Protection Committee (BLCPC) set up', 'ACTUAL_INDICATOR', 'n_13', 'Num_13', 'cal_13', 3, 2017, 1, 8, NULL)  ON CONFLICT DO NOTHING;
INSERT INTO indicator (indicator_id, denominator_xpath, display_to_deo_from_month, display_to_deo_from_year, high_is_good, indicator_metadata, indicator_name, indicator_type, indicator_xpath, numerator_xpath, percentage_xpath, publish_month, publish_year, agency_id_fk, indicator_classification_id, belongs_to_indicator) VALUES (116, NULL, 0, 0, false, NULL, 'Number of BLCPCs formed', 'NUMERATOR', NULL, NULL, NULL, 0, 0, 1, NULL, 115)  ON CONFLICT DO NOTHING;
INSERT INTO indicator (indicator_id, denominator_xpath, display_to_deo_from_month, display_to_deo_from_year, high_is_good, indicator_metadata, indicator_name, indicator_type, indicator_xpath, numerator_xpath, percentage_xpath, publish_month, publish_year, agency_id_fk, indicator_classification_id, belongs_to_indicator) VALUES (117, NULL, 0, 0, false, NULL, 'Total number of Blocks available', 'DENOMINATOR', NULL, NULL, NULL, 0, 0, 1, NULL, 115)  ON CONFLICT DO NOTHING;
INSERT INTO indicator (indicator_id, denominator_xpath, display_to_deo_from_month, display_to_deo_from_year, high_is_good, indicator_metadata, indicator_name, indicator_type, indicator_xpath, numerator_xpath, percentage_xpath, publish_month, publish_year, agency_id_fk, indicator_classification_id, belongs_to_indicator) VALUES (118, 'Den_14', 4, 2017, true, NULL, 'Percentage of Village level Child Protection Committees (VLCPC) set up', 'ACTUAL_INDICATOR', 'n_14', 'Num_14', 'cal_14', 3, 2017, 1, 8, NULL)  ON CONFLICT DO NOTHING;
INSERT INTO indicator (indicator_id, denominator_xpath, display_to_deo_from_month, display_to_deo_from_year, high_is_good, indicator_metadata, indicator_name, indicator_type, indicator_xpath, numerator_xpath, percentage_xpath, publish_month, publish_year, agency_id_fk, indicator_classification_id, belongs_to_indicator) VALUES (119, NULL, 0, 0, false, NULL, 'Number of VLCPCs formed', 'NUMERATOR', NULL, NULL, NULL, 0, 0, 1, NULL, 118)  ON CONFLICT DO NOTHING;
INSERT INTO indicator (indicator_id, denominator_xpath, display_to_deo_from_month, display_to_deo_from_year, high_is_good, indicator_metadata, indicator_name, indicator_type, indicator_xpath, numerator_xpath, percentage_xpath, publish_month, publish_year, agency_id_fk, indicator_classification_id, belongs_to_indicator) VALUES (120, NULL, 0, 0, false, NULL, 'Total number of Village Panchayats available', 'DENOMINATOR', NULL, NULL, NULL, 0, 0, 1, NULL, 118)  ON CONFLICT DO NOTHING;
INSERT INTO indicator (indicator_id, denominator_xpath, display_to_deo_from_month, display_to_deo_from_year, high_is_good, indicator_metadata, indicator_name, indicator_type, indicator_xpath, numerator_xpath, percentage_xpath, publish_month, publish_year, agency_id_fk, indicator_classification_id, belongs_to_indicator) VALUES (121, 'Den_15', 4, 2017, true, NULL, 'Percentage of DCPC review meeting headed by Collector', 'ACTUAL_INDICATOR', 'n_15', 'Num_15', 'cal_15', 3, 2017, 1, 9, NULL)  ON CONFLICT DO NOTHING;
INSERT INTO indicator (indicator_id, denominator_xpath, display_to_deo_from_month, display_to_deo_from_year, high_is_good, indicator_metadata, indicator_name, indicator_type, indicator_xpath, numerator_xpath, percentage_xpath, publish_month, publish_year, agency_id_fk, indicator_classification_id, belongs_to_indicator) VALUES (122, NULL, 0, 0, false, NULL, 'Number of DCPC review meetings  headed by collector in the district', 'NUMERATOR', NULL, NULL, NULL, 0, 0, 1, NULL, 121)  ON CONFLICT DO NOTHING;
INSERT INTO indicator (indicator_id, denominator_xpath, display_to_deo_from_month, display_to_deo_from_year, high_is_good, indicator_metadata, indicator_name, indicator_type, indicator_xpath, numerator_xpath, percentage_xpath, publish_month, publish_year, agency_id_fk, indicator_classification_id, belongs_to_indicator) VALUES (123, NULL, 0, 0, false, NULL, 'Total number of DCPC meetings to be held in the district', 'DENOMINATOR', NULL, NULL, NULL, 0, 0, 1, NULL, 121)  ON CONFLICT DO NOTHING;
INSERT INTO indicator (indicator_id, denominator_xpath, display_to_deo_from_month, display_to_deo_from_year, high_is_good, indicator_metadata, indicator_name, indicator_type, indicator_xpath, numerator_xpath, percentage_xpath, publish_month, publish_year, agency_id_fk, indicator_classification_id, belongs_to_indicator) VALUES (124, 'Den_16', 4, 2017, true, NULL, 'Percentage of CCIs registered under JJAct', 'ACTUAL_INDICATOR', 'n_16', 'Num_16', 'cal_16', 3, 2017, 1, 9, NULL)  ON CONFLICT DO NOTHING;
INSERT INTO indicator (indicator_id, denominator_xpath, display_to_deo_from_month, display_to_deo_from_year, high_is_good, indicator_metadata, indicator_name, indicator_type, indicator_xpath, numerator_xpath, percentage_xpath, publish_month, publish_year, agency_id_fk, indicator_classification_id, belongs_to_indicator) VALUES (125, NULL, 0, 0, false, NULL, 'Number of CCIs registered under JJAct', 'NUMERATOR', NULL, NULL, NULL, 0, 0, 1, NULL, 124)  ON CONFLICT DO NOTHING;
INSERT INTO indicator (indicator_id, denominator_xpath, display_to_deo_from_month, display_to_deo_from_year, high_is_good, indicator_metadata, indicator_name, indicator_type, indicator_xpath, numerator_xpath, percentage_xpath, publish_month, publish_year, agency_id_fk, indicator_classification_id, belongs_to_indicator) VALUES (126, NULL, 0, 0, false, NULL, 'Total number of CCIs available in the district', 'DENOMINATOR', NULL, NULL, NULL, 0, 0, 1, NULL, 124)  ON CONFLICT DO NOTHING;
INSERT INTO indicator (indicator_id, denominator_xpath, display_to_deo_from_month, display_to_deo_from_year, high_is_good, indicator_metadata, indicator_name, indicator_type, indicator_xpath, numerator_xpath, percentage_xpath, publish_month, publish_year, agency_id_fk, indicator_classification_id, belongs_to_indicator) VALUES (127, 'cwc_q22', 4, 2017, true, NULL, 'Percentage of sittings held by CWC', 'ACTUAL_INDICATOR', 'cwc_q24', 'cwc_q21', 'cwc_q23', 3, 2017, 1, 9, NULL)  ON CONFLICT DO NOTHING;
INSERT INTO indicator (indicator_id, denominator_xpath, display_to_deo_from_month, display_to_deo_from_year, high_is_good, indicator_metadata, indicator_name, indicator_type, indicator_xpath, numerator_xpath, percentage_xpath, publish_month, publish_year, agency_id_fk, indicator_classification_id, belongs_to_indicator) VALUES (128, NULL, 0, 0, false, NULL, 'Number of sitting held in the CWC', 'NUMERATOR', NULL, NULL, NULL, 0, 0, 1, NULL, 127)  ON CONFLICT DO NOTHING;
INSERT INTO indicator (indicator_id, denominator_xpath, display_to_deo_from_month, display_to_deo_from_year, high_is_good, indicator_metadata, indicator_name, indicator_type, indicator_xpath, numerator_xpath, percentage_xpath, publish_month, publish_year, agency_id_fk, indicator_classification_id, belongs_to_indicator) VALUES (129, NULL, 0, 0, false, NULL, 'Total number of CWC sitting required ', 'DENOMINATOR', NULL, NULL, NULL, 0, 0, 1, NULL, 127)  ON CONFLICT DO NOTHING;
INSERT INTO indicator (indicator_id, denominator_xpath, display_to_deo_from_month, display_to_deo_from_year, high_is_good, indicator_metadata, indicator_name, indicator_type, indicator_xpath, numerator_xpath, percentage_xpath, publish_month, publish_year, agency_id_fk, indicator_classification_id, belongs_to_indicator) VALUES (130, 'in_q22', 4, 2017, true, NULL, 'Percentage of sitting held by JJB', 'ACTUAL_INDICATOR', 'in_q24', 'in_q21', 'in_q23', 3, 2017, 1, 9, NULL)  ON CONFLICT DO NOTHING;
INSERT INTO indicator (indicator_id, denominator_xpath, display_to_deo_from_month, display_to_deo_from_year, high_is_good, indicator_metadata, indicator_name, indicator_type, indicator_xpath, numerator_xpath, percentage_xpath, publish_month, publish_year, agency_id_fk, indicator_classification_id, belongs_to_indicator) VALUES (131, NULL, 0, 0, false, NULL, 'Number of sitting held in the JJB', 'NUMERATOR', NULL, NULL, NULL, 0, 0, 1, NULL, 130)  ON CONFLICT DO NOTHING;
INSERT INTO indicator (indicator_id, denominator_xpath, display_to_deo_from_month, display_to_deo_from_year, high_is_good, indicator_metadata, indicator_name, indicator_type, indicator_xpath, numerator_xpath, percentage_xpath, publish_month, publish_year, agency_id_fk, indicator_classification_id, belongs_to_indicator) VALUES (132, NULL, 0, 0, false, NULL, 'Total number of JJB sitting required as per JJAct', 'DENOMINATOR', NULL, NULL, NULL, 0, 0, 1, NULL, 130)  ON CONFLICT DO NOTHING;
INSERT INTO indicator (indicator_id, denominator_xpath, display_to_deo_from_month, display_to_deo_from_year, high_is_good, indicator_metadata, indicator_name, indicator_type, indicator_xpath, numerator_xpath, percentage_xpath, publish_month, publish_year, agency_id_fk, indicator_classification_id, belongs_to_indicator) VALUES (133, 'cwc_q26', 4, 2017, true, NULL, 'Percentage of children (CNCP) cases resolved by CWC', 'ACTUAL_INDICATOR', 'cwc_q28', 'cwc_q25', 'cwc_q27', 3, 2017, 1, 9, NULL)  ON CONFLICT DO NOTHING;
INSERT INTO indicator (indicator_id, denominator_xpath, display_to_deo_from_month, display_to_deo_from_year, high_is_good, indicator_metadata, indicator_name, indicator_type, indicator_xpath, numerator_xpath, percentage_xpath, publish_month, publish_year, agency_id_fk, indicator_classification_id, belongs_to_indicator) VALUES (134, NULL, 0, 0, false, NULL, 'Number of children (CNCP) cases resolved by CWC', 'NUMERATOR', NULL, NULL, NULL, 0, 0, 1, NULL, 133)  ON CONFLICT DO NOTHING;
INSERT INTO indicator (indicator_id, denominator_xpath, display_to_deo_from_month, display_to_deo_from_year, high_is_good, indicator_metadata, indicator_name, indicator_type, indicator_xpath, numerator_xpath, percentage_xpath, publish_month, publish_year, agency_id_fk, indicator_classification_id, belongs_to_indicator) VALUES (135, NULL, 0, 0, false, NULL, 'Total number of cases handled by CWC till the reporting month', 'DENOMINATOR', NULL, NULL, NULL, 0, 0, 1, NULL, 133)  ON CONFLICT DO NOTHING;
INSERT INTO indicator (indicator_id, denominator_xpath, display_to_deo_from_month, display_to_deo_from_year, high_is_good, indicator_metadata, indicator_name, indicator_type, indicator_xpath, numerator_xpath, percentage_xpath, publish_month, publish_year, agency_id_fk, indicator_classification_id, belongs_to_indicator) VALUES (136, 'in_q26', 4, 2017, true, NULL, 'Percentage of children (CCL) cases resolved by JJB', 'ACTUAL_INDICATOR', 'in_q28', 'in_q25', 'in_q27', 3, 2017, 1, 9, NULL)  ON CONFLICT DO NOTHING;
INSERT INTO indicator (indicator_id, denominator_xpath, display_to_deo_from_month, display_to_deo_from_year, high_is_good, indicator_metadata, indicator_name, indicator_type, indicator_xpath, numerator_xpath, percentage_xpath, publish_month, publish_year, agency_id_fk, indicator_classification_id, belongs_to_indicator) VALUES (169, NULL, 3, 2018, true, NULL, 'Index - Overall', 'OVERALL', NULL, NULL, NULL, 2, 2018, 1, 17, NULL)  ON CONFLICT DO NOTHING;
INSERT INTO indicator (indicator_id, denominator_xpath, display_to_deo_from_month, display_to_deo_from_year, high_is_good, indicator_metadata, indicator_name, indicator_type, indicator_xpath, numerator_xpath, percentage_xpath, publish_month, publish_year, agency_id_fk, indicator_classification_id, belongs_to_indicator) VALUES (137, NULL, 0, 0, false, NULL, 'Number of children (CCL) cases resolved by JJB', 'NUMERATOR', NULL, NULL, NULL, 0, 0, 1, NULL, 136)  ON CONFLICT DO NOTHING;
INSERT INTO indicator (indicator_id, denominator_xpath, display_to_deo_from_month, display_to_deo_from_year, high_is_good, indicator_metadata, indicator_name, indicator_type, indicator_xpath, numerator_xpath, percentage_xpath, publish_month, publish_year, agency_id_fk, indicator_classification_id, belongs_to_indicator) VALUES (138, NULL, 0, 0, false, NULL, 'Total number of cases handled by JJB till the reporting month', 'DENOMINATOR', NULL, NULL, NULL, 0, 0, 1, NULL, 136)  ON CONFLICT DO NOTHING;
INSERT INTO indicator (indicator_id, denominator_xpath, display_to_deo_from_month, display_to_deo_from_year, high_is_good, indicator_metadata, indicator_name, indicator_type, indicator_xpath, numerator_xpath, percentage_xpath, publish_month, publish_year, agency_id_fk, indicator_classification_id, belongs_to_indicator) VALUES (139, 'Den_17', 4, 2017, true, NULL, 'Percentage of ICPS funds utilized', 'ACTUAL_INDICATOR', 'n_17', 'Num_17', 'cal_17', 3, 2017, 1, 10, NULL)  ON CONFLICT DO NOTHING;
INSERT INTO indicator (indicator_id, denominator_xpath, display_to_deo_from_month, display_to_deo_from_year, high_is_good, indicator_metadata, indicator_name, indicator_type, indicator_xpath, numerator_xpath, percentage_xpath, publish_month, publish_year, agency_id_fk, indicator_classification_id, belongs_to_indicator) VALUES (140, NULL, 0, 0, false, NULL, 'Total amount utilized by the district', 'NUMERATOR', NULL, NULL, NULL, 0, 0, 1, NULL, 139)  ON CONFLICT DO NOTHING;
INSERT INTO indicator (indicator_id, denominator_xpath, display_to_deo_from_month, display_to_deo_from_year, high_is_good, indicator_metadata, indicator_name, indicator_type, indicator_xpath, numerator_xpath, percentage_xpath, publish_month, publish_year, agency_id_fk, indicator_classification_id, belongs_to_indicator) VALUES (141, NULL, 0, 0, false, NULL, 'Total fund allocated for the district', 'DENOMINATOR', NULL, NULL, NULL, 0, 0, 1, NULL, 139)  ON CONFLICT DO NOTHING;
INSERT INTO indicator (indicator_id, denominator_xpath, display_to_deo_from_month, display_to_deo_from_year, high_is_good, indicator_metadata, indicator_name, indicator_type, indicator_xpath, numerator_xpath, percentage_xpath, publish_month, publish_year, agency_id_fk, indicator_classification_id, belongs_to_indicator) VALUES (142, 'Den_18', 4, 2017, true, NULL, 'Percentage of utilisation for victim compensation fund', 'ACTUAL_INDICATOR', 'n_18', 'Num_18', 'cal_18', 3, 2017, 1, 10, NULL)  ON CONFLICT DO NOTHING;
INSERT INTO indicator (indicator_id, denominator_xpath, display_to_deo_from_month, display_to_deo_from_year, high_is_good, indicator_metadata, indicator_name, indicator_type, indicator_xpath, numerator_xpath, percentage_xpath, publish_month, publish_year, agency_id_fk, indicator_classification_id, belongs_to_indicator) VALUES (143, NULL, 0, 0, false, NULL, 'Total amount disbursed to victims', 'NUMERATOR', NULL, NULL, NULL, 0, 0, 1, NULL, 142)  ON CONFLICT DO NOTHING;
INSERT INTO indicator (indicator_id, denominator_xpath, display_to_deo_from_month, display_to_deo_from_year, high_is_good, indicator_metadata, indicator_name, indicator_type, indicator_xpath, numerator_xpath, percentage_xpath, publish_month, publish_year, agency_id_fk, indicator_classification_id, belongs_to_indicator) VALUES (144, NULL, 0, 0, false, NULL, 'Total victim compensation fund received', 'DENOMINATOR', NULL, NULL, NULL, 0, 0, 1, NULL, 142)  ON CONFLICT DO NOTHING;
INSERT INTO indicator (indicator_id, denominator_xpath, display_to_deo_from_month, display_to_deo_from_year, high_is_good, indicator_metadata, indicator_name, indicator_type, indicator_xpath, numerator_xpath, percentage_xpath, publish_month, publish_year, agency_id_fk, indicator_classification_id, belongs_to_indicator) VALUES (145, 'Den_19', 4, 2017, true, NULL, 'Percentage of Quarterly Progress Report (QPR) submitted', 'ACTUAL_INDICATOR', 'n_19', 'Num_19', 'cal_19', 3, 2017, 1, 9, NULL)  ON CONFLICT DO NOTHING;
INSERT INTO indicator (indicator_id, denominator_xpath, display_to_deo_from_month, display_to_deo_from_year, high_is_good, indicator_metadata, indicator_name, indicator_type, indicator_xpath, numerator_xpath, percentage_xpath, publish_month, publish_year, agency_id_fk, indicator_classification_id, belongs_to_indicator) VALUES (146, NULL, 0, 0, false, NULL, 'Number of QPRs submitted', 'NUMERATOR', NULL, NULL, NULL, 0, 0, 1, NULL, 145)  ON CONFLICT DO NOTHING;
INSERT INTO indicator (indicator_id, denominator_xpath, display_to_deo_from_month, display_to_deo_from_year, high_is_good, indicator_metadata, indicator_name, indicator_type, indicator_xpath, numerator_xpath, percentage_xpath, publish_month, publish_year, agency_id_fk, indicator_classification_id, belongs_to_indicator) VALUES (147, NULL, 0, 0, false, NULL, 'Total number of QPR to be submitted in the reporting period', 'DENOMINATOR', NULL, NULL, NULL, 0, 0, 1, NULL, 145)  ON CONFLICT DO NOTHING;
INSERT INTO indicator (indicator_id, denominator_xpath, display_to_deo_from_month, display_to_deo_from_year, high_is_good, indicator_metadata, indicator_name, indicator_type, indicator_xpath, numerator_xpath, percentage_xpath, publish_month, publish_year, agency_id_fk, indicator_classification_id, belongs_to_indicator) VALUES (148, 'Den_20', 4, 2017, true, NULL, 'Percentage of CCIs submitted Monthly Report (MR) before DCPO', 'ACTUAL_INDICATOR', 'n_20', 'Num_20', 'cal_20', 3, 2017, 1, 9, NULL)  ON CONFLICT DO NOTHING;
INSERT INTO indicator (indicator_id, denominator_xpath, display_to_deo_from_month, display_to_deo_from_year, high_is_good, indicator_metadata, indicator_name, indicator_type, indicator_xpath, numerator_xpath, percentage_xpath, publish_month, publish_year, agency_id_fk, indicator_classification_id, belongs_to_indicator) VALUES (149, NULL, 0, 0, false, NULL, 'Number of CCIs submitted MR', 'NUMERATOR', NULL, NULL, NULL, 0, 0, 1, NULL, 148)  ON CONFLICT DO NOTHING;
INSERT INTO indicator (indicator_id, denominator_xpath, display_to_deo_from_month, display_to_deo_from_year, high_is_good, indicator_metadata, indicator_name, indicator_type, indicator_xpath, numerator_xpath, percentage_xpath, publish_month, publish_year, agency_id_fk, indicator_classification_id, belongs_to_indicator) VALUES (150, NULL, 0, 0, false, NULL, 'Total number of CCIs available', 'DENOMINATOR', NULL, NULL, NULL, 0, 0, 1, NULL, 148)  ON CONFLICT DO NOTHING;
INSERT INTO indicator (indicator_id, denominator_xpath, display_to_deo_from_month, display_to_deo_from_year, high_is_good, indicator_metadata, indicator_name, indicator_type, indicator_xpath, numerator_xpath, percentage_xpath, publish_month, publish_year, agency_id_fk, indicator_classification_id, belongs_to_indicator) VALUES (151, 'Den_29', 4, 2017, true, NULL, 'Percentage of CCIs inspected', 'ACTUAL_INDICATOR', 'n_29', 'Num_29', 'cal_29', 3, 2017, 1, 9, NULL)  ON CONFLICT DO NOTHING;
INSERT INTO indicator (indicator_id, denominator_xpath, display_to_deo_from_month, display_to_deo_from_year, high_is_good, indicator_metadata, indicator_name, indicator_type, indicator_xpath, numerator_xpath, percentage_xpath, publish_month, publish_year, agency_id_fk, indicator_classification_id, belongs_to_indicator) VALUES (152, NULL, 0, 0, false, NULL, 'Number of CCIs inspected', 'NUMERATOR', NULL, NULL, NULL, 0, 0, 1, NULL, 151)  ON CONFLICT DO NOTHING;
INSERT INTO indicator (indicator_id, denominator_xpath, display_to_deo_from_month, display_to_deo_from_year, high_is_good, indicator_metadata, indicator_name, indicator_type, indicator_xpath, numerator_xpath, percentage_xpath, publish_month, publish_year, agency_id_fk, indicator_classification_id, belongs_to_indicator) VALUES (153, NULL, 0, 0, false, NULL, 'Total number of CCIs available in the district.', 'DENOMINATOR', NULL, NULL, NULL, 0, 0, 1, NULL, 151)  ON CONFLICT DO NOTHING;
INSERT INTO indicator (indicator_id, denominator_xpath, display_to_deo_from_month, display_to_deo_from_year, high_is_good, indicator_metadata, indicator_name, indicator_type, indicator_xpath, numerator_xpath, percentage_xpath, publish_month, publish_year, agency_id_fk, indicator_classification_id, belongs_to_indicator) VALUES (154, 'Den_30', 4, 2017, true, NULL, 'Percentage of Home Management Committee (HMC) meetings  conducted in the registered CCIs', 'ACTUAL_INDICATOR', 'n_30', 'Num_30', 'cal_30', 3, 2017, 1, 9, NULL)  ON CONFLICT DO NOTHING;
INSERT INTO indicator (indicator_id, denominator_xpath, display_to_deo_from_month, display_to_deo_from_year, high_is_good, indicator_metadata, indicator_name, indicator_type, indicator_xpath, numerator_xpath, percentage_xpath, publish_month, publish_year, agency_id_fk, indicator_classification_id, belongs_to_indicator) VALUES (155, NULL, 0, 0, false, NULL, 'Number of Home Management Committee (HMC) meetings  conducted in the registered CCIs', 'NUMERATOR', NULL, NULL, NULL, 0, 0, 1, NULL, 154)  ON CONFLICT DO NOTHING;
INSERT INTO indicator (indicator_id, denominator_xpath, display_to_deo_from_month, display_to_deo_from_year, high_is_good, indicator_metadata, indicator_name, indicator_type, indicator_xpath, numerator_xpath, percentage_xpath, publish_month, publish_year, agency_id_fk, indicator_classification_id, belongs_to_indicator) VALUES (156, NULL, 0, 0, false, NULL, 'Number of registered CCIs available in the district', 'DENOMINATOR', NULL, NULL, NULL, 0, 0, 1, NULL, 154)  ON CONFLICT DO NOTHING;
INSERT INTO indicator (indicator_id, denominator_xpath, display_to_deo_from_month, display_to_deo_from_year, high_is_good, indicator_metadata, indicator_name, indicator_type, indicator_xpath, numerator_xpath, percentage_xpath, publish_month, publish_year, agency_id_fk, indicator_classification_id, belongs_to_indicator) VALUES (157, 'Den_31', 4, 2017, true, NULL, 'Percentage of HMC meetings attended by the DCPU', 'ACTUAL_INDICATOR', 'n_31', 'Num_31', 'cal_31', 3, 2017, 1, 9, NULL)  ON CONFLICT DO NOTHING;
INSERT INTO indicator (indicator_id, denominator_xpath, display_to_deo_from_month, display_to_deo_from_year, high_is_good, indicator_metadata, indicator_name, indicator_type, indicator_xpath, numerator_xpath, percentage_xpath, publish_month, publish_year, agency_id_fk, indicator_classification_id, belongs_to_indicator) VALUES (158, NULL, 0, 0, false, NULL, 'Number of HMC meetings attended by the DCPU', 'NUMERATOR', NULL, NULL, NULL, 0, 0, 1, NULL, 157)  ON CONFLICT DO NOTHING;
INSERT INTO indicator (indicator_id, denominator_xpath, display_to_deo_from_month, display_to_deo_from_year, high_is_good, indicator_metadata, indicator_name, indicator_type, indicator_xpath, numerator_xpath, percentage_xpath, publish_month, publish_year, agency_id_fk, indicator_classification_id, belongs_to_indicator) VALUES (159, NULL, 0, 0, false, NULL, 'Number of CCIs conducted HMC meeting.', 'DENOMINATOR', NULL, NULL, NULL, 0, 0, 1, NULL, 157)  ON CONFLICT DO NOTHING;
INSERT INTO indicator (indicator_id, denominator_xpath, display_to_deo_from_month, display_to_deo_from_year, high_is_good, indicator_metadata, indicator_name, indicator_type, indicator_xpath, numerator_xpath, percentage_xpath, publish_month, publish_year, agency_id_fk, indicator_classification_id, belongs_to_indicator) VALUES (160, 'Den_32', 4, 2017, true, NULL, 'Percentage of paper advertisements given for abandoned children.', 'ACTUAL_INDICATOR', 'n_32', 'Num_32', 'cal_32', 3, 2017, 1, 9, NULL)  ON CONFLICT DO NOTHING;
INSERT INTO indicator (indicator_id, denominator_xpath, display_to_deo_from_month, display_to_deo_from_year, high_is_good, indicator_metadata, indicator_name, indicator_type, indicator_xpath, numerator_xpath, percentage_xpath, publish_month, publish_year, agency_id_fk, indicator_classification_id, belongs_to_indicator) VALUES (161, NULL, 0, 0, false, NULL, 'Number of paper advertisements given for abandoned children.', 'NUMERATOR', NULL, NULL, NULL, 0, 0, 1, NULL, 160)  ON CONFLICT DO NOTHING;
INSERT INTO indicator (indicator_id, denominator_xpath, display_to_deo_from_month, display_to_deo_from_year, high_is_good, indicator_metadata, indicator_name, indicator_type, indicator_xpath, numerator_xpath, percentage_xpath, publish_month, publish_year, agency_id_fk, indicator_classification_id, belongs_to_indicator) VALUES (162, NULL, 0, 0, false, NULL, 'Total number of abandoned children produced before CWC.', 'DENOMINATOR', NULL, NULL, NULL, 0, 0, 1, NULL, 160)  ON CONFLICT DO NOTHING;
INSERT INTO indicator (indicator_id, denominator_xpath, display_to_deo_from_month, display_to_deo_from_year, high_is_good, indicator_metadata, indicator_name, indicator_type, indicator_xpath, numerator_xpath, percentage_xpath, publish_month, publish_year, agency_id_fk, indicator_classification_id, belongs_to_indicator) VALUES (163, 'Den_33', 4, 2017, true, NULL, 'Percentage of CCIs registered under CTS (Child Tracking System)', 'ACTUAL_INDICATOR', 'n_33', 'Num_33', 'cal_33', 3, 2017, 1, 9, NULL)  ON CONFLICT DO NOTHING;
INSERT INTO indicator (indicator_id, denominator_xpath, display_to_deo_from_month, display_to_deo_from_year, high_is_good, indicator_metadata, indicator_name, indicator_type, indicator_xpath, numerator_xpath, percentage_xpath, publish_month, publish_year, agency_id_fk, indicator_classification_id, belongs_to_indicator) VALUES (164, NULL, 0, 0, false, NULL, 'Number of CCIs registered under CTS (Child Tracking System)', 'NUMERATOR', NULL, NULL, NULL, 0, 0, 1, NULL, 163)  ON CONFLICT DO NOTHING;
INSERT INTO indicator (indicator_id, denominator_xpath, display_to_deo_from_month, display_to_deo_from_year, high_is_good, indicator_metadata, indicator_name, indicator_type, indicator_xpath, numerator_xpath, percentage_xpath, publish_month, publish_year, agency_id_fk, indicator_classification_id, belongs_to_indicator) VALUES (165, NULL, 0, 0, false, NULL, 'Number of registered CCIs available in the district', 'DENOMINATOR', NULL, NULL, NULL, 0, 0, 1, NULL, 163)  ON CONFLICT DO NOTHING;
INSERT INTO indicator (indicator_id, denominator_xpath, display_to_deo_from_month, display_to_deo_from_year, high_is_good, indicator_metadata, indicator_name, indicator_type, indicator_xpath, numerator_xpath, percentage_xpath, publish_month, publish_year, agency_id_fk, indicator_classification_id, belongs_to_indicator) VALUES (170, 'Den_34', 4, 2017, true, NULL, 'Percentage of child details uploaded in CTS', 'ACTUAL_INDICATOR', 'n_34', 'Num_34', 'cal_34', 3, 2017, 1, 9, NULL)  ON CONFLICT DO NOTHING;
INSERT INTO indicator (indicator_id, denominator_xpath, display_to_deo_from_month, display_to_deo_from_year, high_is_good, indicator_metadata, indicator_name, indicator_type, indicator_xpath, numerator_xpath, percentage_xpath, publish_month, publish_year, agency_id_fk, indicator_classification_id, belongs_to_indicator) VALUES (171, NULL, 0, 0, false, NULL, 'Number of child details uploaded in CTS', 'NUMERATOR', NULL, NULL, NULL, 0, 0, 1, NULL, 170)  ON CONFLICT DO NOTHING;
INSERT INTO indicator (indicator_id, denominator_xpath, display_to_deo_from_month, display_to_deo_from_year, high_is_good, indicator_metadata, indicator_name, indicator_type, indicator_xpath, numerator_xpath, percentage_xpath, publish_month, publish_year, agency_id_fk, indicator_classification_id, belongs_to_indicator) VALUES (172, NULL, 0, 0, false, NULL, 'Number of children residing in all the registered CCIs', 'DENOMINATOR', NULL, NULL, NULL, 0, 0, 1, NULL, 170)  ON CONFLICT DO NOTHING;




INSERT INTO unit (unitid, unit_name, unit_type) VALUES (1, 'Percentage', 'PERCENTAGE')  ON CONFLICT DO NOTHING;
INSERT INTO unit (unitid, unit_name, unit_type) VALUES (2, 'Index', 'INDEX')  ON CONFLICT DO NOTHING;




INSERT INTO indicator_unit_subgroup (indicator_unit_subgroup_id, indicator_id_fk, subgroup_id_fk, unit_id_fk) VALUES (1, 1, 1, 1)  ON CONFLICT DO NOTHING;
INSERT INTO indicator_unit_subgroup (indicator_unit_subgroup_id, indicator_id_fk, subgroup_id_fk, unit_id_fk) VALUES (2, 4, 1, 1)  ON CONFLICT DO NOTHING;
INSERT INTO indicator_unit_subgroup (indicator_unit_subgroup_id, indicator_id_fk, subgroup_id_fk, unit_id_fk) VALUES (3, 7, 1, 1)  ON CONFLICT DO NOTHING;
INSERT INTO indicator_unit_subgroup (indicator_unit_subgroup_id, indicator_id_fk, subgroup_id_fk, unit_id_fk) VALUES (4, 10, 1, 1)  ON CONFLICT DO NOTHING;
INSERT INTO indicator_unit_subgroup (indicator_unit_subgroup_id, indicator_id_fk, subgroup_id_fk, unit_id_fk) VALUES (5, 13, 1, 1)  ON CONFLICT DO NOTHING;
INSERT INTO indicator_unit_subgroup (indicator_unit_subgroup_id, indicator_id_fk, subgroup_id_fk, unit_id_fk) VALUES (6, 16, 1, 1)  ON CONFLICT DO NOTHING;
INSERT INTO indicator_unit_subgroup (indicator_unit_subgroup_id, indicator_id_fk, subgroup_id_fk, unit_id_fk) VALUES (7, 19, 1, 1)  ON CONFLICT DO NOTHING;
INSERT INTO indicator_unit_subgroup (indicator_unit_subgroup_id, indicator_id_fk, subgroup_id_fk, unit_id_fk) VALUES (8, 22, 1, 1)  ON CONFLICT DO NOTHING;
INSERT INTO indicator_unit_subgroup (indicator_unit_subgroup_id, indicator_id_fk, subgroup_id_fk, unit_id_fk) VALUES (9, 25, 1, 1)  ON CONFLICT DO NOTHING;
INSERT INTO indicator_unit_subgroup (indicator_unit_subgroup_id, indicator_id_fk, subgroup_id_fk, unit_id_fk) VALUES (10, 28, 1, 1)  ON CONFLICT DO NOTHING;
INSERT INTO indicator_unit_subgroup (indicator_unit_subgroup_id, indicator_id_fk, subgroup_id_fk, unit_id_fk) VALUES (11, 31, 1, 1)  ON CONFLICT DO NOTHING;
INSERT INTO indicator_unit_subgroup (indicator_unit_subgroup_id, indicator_id_fk, subgroup_id_fk, unit_id_fk) VALUES (12, 34, 1, 1)  ON CONFLICT DO NOTHING;
INSERT INTO indicator_unit_subgroup (indicator_unit_subgroup_id, indicator_id_fk, subgroup_id_fk, unit_id_fk) VALUES (13, 37, 1, 1)  ON CONFLICT DO NOTHING;
INSERT INTO indicator_unit_subgroup (indicator_unit_subgroup_id, indicator_id_fk, subgroup_id_fk, unit_id_fk) VALUES (14, 40, 1, 1)  ON CONFLICT DO NOTHING;
INSERT INTO indicator_unit_subgroup (indicator_unit_subgroup_id, indicator_id_fk, subgroup_id_fk, unit_id_fk) VALUES (15, 43, 1, 1)  ON CONFLICT DO NOTHING;
INSERT INTO indicator_unit_subgroup (indicator_unit_subgroup_id, indicator_id_fk, subgroup_id_fk, unit_id_fk) VALUES (16, 46, 1, 1)  ON CONFLICT DO NOTHING;
INSERT INTO indicator_unit_subgroup (indicator_unit_subgroup_id, indicator_id_fk, subgroup_id_fk, unit_id_fk) VALUES (17, 49, 1, 1)  ON CONFLICT DO NOTHING;
INSERT INTO indicator_unit_subgroup (indicator_unit_subgroup_id, indicator_id_fk, subgroup_id_fk, unit_id_fk) VALUES (18, 52, 1, 1)  ON CONFLICT DO NOTHING;
INSERT INTO indicator_unit_subgroup (indicator_unit_subgroup_id, indicator_id_fk, subgroup_id_fk, unit_id_fk) VALUES (19, 55, 1, 1)  ON CONFLICT DO NOTHING;
INSERT INTO indicator_unit_subgroup (indicator_unit_subgroup_id, indicator_id_fk, subgroup_id_fk, unit_id_fk) VALUES (20, 58, 1, 1)  ON CONFLICT DO NOTHING;
INSERT INTO indicator_unit_subgroup (indicator_unit_subgroup_id, indicator_id_fk, subgroup_id_fk, unit_id_fk) VALUES (21, 61, 1, 1)  ON CONFLICT DO NOTHING;
INSERT INTO indicator_unit_subgroup (indicator_unit_subgroup_id, indicator_id_fk, subgroup_id_fk, unit_id_fk) VALUES (22, 64, 1, 1)  ON CONFLICT DO NOTHING;
INSERT INTO indicator_unit_subgroup (indicator_unit_subgroup_id, indicator_id_fk, subgroup_id_fk, unit_id_fk) VALUES (23, 67, 1, 1)  ON CONFLICT DO NOTHING;
INSERT INTO indicator_unit_subgroup (indicator_unit_subgroup_id, indicator_id_fk, subgroup_id_fk, unit_id_fk) VALUES (24, 70, 1, 1)  ON CONFLICT DO NOTHING;
INSERT INTO indicator_unit_subgroup (indicator_unit_subgroup_id, indicator_id_fk, subgroup_id_fk, unit_id_fk) VALUES (25, 73, 1, 1)  ON CONFLICT DO NOTHING;
INSERT INTO indicator_unit_subgroup (indicator_unit_subgroup_id, indicator_id_fk, subgroup_id_fk, unit_id_fk) VALUES (26, 76, 1, 1)  ON CONFLICT DO NOTHING;
INSERT INTO indicator_unit_subgroup (indicator_unit_subgroup_id, indicator_id_fk, subgroup_id_fk, unit_id_fk) VALUES (27, 79, 1, 1)  ON CONFLICT DO NOTHING;
INSERT INTO indicator_unit_subgroup (indicator_unit_subgroup_id, indicator_id_fk, subgroup_id_fk, unit_id_fk) VALUES (28, 82, 1, 1)  ON CONFLICT DO NOTHING;
INSERT INTO indicator_unit_subgroup (indicator_unit_subgroup_id, indicator_id_fk, subgroup_id_fk, unit_id_fk) VALUES (29, 85, 1, 1)  ON CONFLICT DO NOTHING;
INSERT INTO indicator_unit_subgroup (indicator_unit_subgroup_id, indicator_id_fk, subgroup_id_fk, unit_id_fk) VALUES (30, 88, 1, 1)  ON CONFLICT DO NOTHING;
INSERT INTO indicator_unit_subgroup (indicator_unit_subgroup_id, indicator_id_fk, subgroup_id_fk, unit_id_fk) VALUES (31, 91, 1, 1)  ON CONFLICT DO NOTHING;
INSERT INTO indicator_unit_subgroup (indicator_unit_subgroup_id, indicator_id_fk, subgroup_id_fk, unit_id_fk) VALUES (32, 94, 1, 1)  ON CONFLICT DO NOTHING;
INSERT INTO indicator_unit_subgroup (indicator_unit_subgroup_id, indicator_id_fk, subgroup_id_fk, unit_id_fk) VALUES (33, 97, 1, 1)  ON CONFLICT DO NOTHING;
INSERT INTO indicator_unit_subgroup (indicator_unit_subgroup_id, indicator_id_fk, subgroup_id_fk, unit_id_fk) VALUES (34, 100, 1, 1)  ON CONFLICT DO NOTHING;
INSERT INTO indicator_unit_subgroup (indicator_unit_subgroup_id, indicator_id_fk, subgroup_id_fk, unit_id_fk) VALUES (35, 103, 1, 1)  ON CONFLICT DO NOTHING;
INSERT INTO indicator_unit_subgroup (indicator_unit_subgroup_id, indicator_id_fk, subgroup_id_fk, unit_id_fk) VALUES (36, 106, 1, 1)  ON CONFLICT DO NOTHING;
INSERT INTO indicator_unit_subgroup (indicator_unit_subgroup_id, indicator_id_fk, subgroup_id_fk, unit_id_fk) VALUES (37, 109, 1, 1)  ON CONFLICT DO NOTHING;
INSERT INTO indicator_unit_subgroup (indicator_unit_subgroup_id, indicator_id_fk, subgroup_id_fk, unit_id_fk) VALUES (38, 112, 1, 1)  ON CONFLICT DO NOTHING;
INSERT INTO indicator_unit_subgroup (indicator_unit_subgroup_id, indicator_id_fk, subgroup_id_fk, unit_id_fk) VALUES (39, 115, 1, 1)  ON CONFLICT DO NOTHING;
INSERT INTO indicator_unit_subgroup (indicator_unit_subgroup_id, indicator_id_fk, subgroup_id_fk, unit_id_fk) VALUES (40, 118, 1, 1)  ON CONFLICT DO NOTHING;
INSERT INTO indicator_unit_subgroup (indicator_unit_subgroup_id, indicator_id_fk, subgroup_id_fk, unit_id_fk) VALUES (41, 121, 1, 1)  ON CONFLICT DO NOTHING;
INSERT INTO indicator_unit_subgroup (indicator_unit_subgroup_id, indicator_id_fk, subgroup_id_fk, unit_id_fk) VALUES (42, 124, 1, 1)  ON CONFLICT DO NOTHING;
INSERT INTO indicator_unit_subgroup (indicator_unit_subgroup_id, indicator_id_fk, subgroup_id_fk, unit_id_fk) VALUES (43, 127, 1, 1)  ON CONFLICT DO NOTHING;
INSERT INTO indicator_unit_subgroup (indicator_unit_subgroup_id, indicator_id_fk, subgroup_id_fk, unit_id_fk) VALUES (44, 130, 1, 1)  ON CONFLICT DO NOTHING;
INSERT INTO indicator_unit_subgroup (indicator_unit_subgroup_id, indicator_id_fk, subgroup_id_fk, unit_id_fk) VALUES (45, 133, 1, 1)  ON CONFLICT DO NOTHING;
INSERT INTO indicator_unit_subgroup (indicator_unit_subgroup_id, indicator_id_fk, subgroup_id_fk, unit_id_fk) VALUES (46, 136, 1, 1)  ON CONFLICT DO NOTHING;
INSERT INTO indicator_unit_subgroup (indicator_unit_subgroup_id, indicator_id_fk, subgroup_id_fk, unit_id_fk) VALUES (47, 139, 1, 1)  ON CONFLICT DO NOTHING;
INSERT INTO indicator_unit_subgroup (indicator_unit_subgroup_id, indicator_id_fk, subgroup_id_fk, unit_id_fk) VALUES (48, 142, 1, 1)  ON CONFLICT DO NOTHING;
INSERT INTO indicator_unit_subgroup (indicator_unit_subgroup_id, indicator_id_fk, subgroup_id_fk, unit_id_fk) VALUES (49, 145, 1, 1)  ON CONFLICT DO NOTHING;
INSERT INTO indicator_unit_subgroup (indicator_unit_subgroup_id, indicator_id_fk, subgroup_id_fk, unit_id_fk) VALUES (50, 148, 1, 1)  ON CONFLICT DO NOTHING;
INSERT INTO indicator_unit_subgroup (indicator_unit_subgroup_id, indicator_id_fk, subgroup_id_fk, unit_id_fk) VALUES (51, 151, 1, 1)  ON CONFLICT DO NOTHING;
INSERT INTO indicator_unit_subgroup (indicator_unit_subgroup_id, indicator_id_fk, subgroup_id_fk, unit_id_fk) VALUES (52, 154, 1, 1)  ON CONFLICT DO NOTHING;
INSERT INTO indicator_unit_subgroup (indicator_unit_subgroup_id, indicator_id_fk, subgroup_id_fk, unit_id_fk) VALUES (53, 157, 1, 1)  ON CONFLICT DO NOTHING;
INSERT INTO indicator_unit_subgroup (indicator_unit_subgroup_id, indicator_id_fk, subgroup_id_fk, unit_id_fk) VALUES (54, 160, 1, 1)  ON CONFLICT DO NOTHING;
INSERT INTO indicator_unit_subgroup (indicator_unit_subgroup_id, indicator_id_fk, subgroup_id_fk, unit_id_fk) VALUES (55, 163, 1, 1)  ON CONFLICT DO NOTHING;
INSERT INTO indicator_unit_subgroup (indicator_unit_subgroup_id, indicator_id_fk, subgroup_id_fk, unit_id_fk) VALUES (56, 166, 1, 2)  ON CONFLICT DO NOTHING;
INSERT INTO indicator_unit_subgroup (indicator_unit_subgroup_id, indicator_id_fk, subgroup_id_fk, unit_id_fk) VALUES (57, 167, 1, 2)  ON CONFLICT DO NOTHING;
INSERT INTO indicator_unit_subgroup (indicator_unit_subgroup_id, indicator_id_fk, subgroup_id_fk, unit_id_fk) VALUES (58, 168, 1, 2)  ON CONFLICT DO NOTHING;
INSERT INTO indicator_unit_subgroup (indicator_unit_subgroup_id, indicator_id_fk, subgroup_id_fk, unit_id_fk) VALUES (59, 169, 1, 2)  ON CONFLICT DO NOTHING;
INSERT INTO indicator_unit_subgroup (indicator_unit_subgroup_id, indicator_id_fk, subgroup_id_fk, unit_id_fk) VALUES (60, 170, 1, 1)  ON CONFLICT DO NOTHING;




INSERT INTO ic_ius_mapping (ic_ius_id, ic_fk, ius_fk) VALUES (1, 2, 1)  ON CONFLICT DO NOTHING;
INSERT INTO ic_ius_mapping (ic_ius_id, ic_fk, ius_fk) VALUES (2, 2, 2)  ON CONFLICT DO NOTHING;
INSERT INTO ic_ius_mapping (ic_ius_id, ic_fk, ius_fk) VALUES (3, 2, 3)  ON CONFLICT DO NOTHING;
INSERT INTO ic_ius_mapping (ic_ius_id, ic_fk, ius_fk) VALUES (4, 2, 4)  ON CONFLICT DO NOTHING;
INSERT INTO ic_ius_mapping (ic_ius_id, ic_fk, ius_fk) VALUES (5, 2, 5)  ON CONFLICT DO NOTHING;
INSERT INTO ic_ius_mapping (ic_ius_id, ic_fk, ius_fk) VALUES (6, 2, 6)  ON CONFLICT DO NOTHING;
INSERT INTO ic_ius_mapping (ic_ius_id, ic_fk, ius_fk) VALUES (7, 2, 7)  ON CONFLICT DO NOTHING;
INSERT INTO ic_ius_mapping (ic_ius_id, ic_fk, ius_fk) VALUES (8, 2, 8)  ON CONFLICT DO NOTHING;
INSERT INTO ic_ius_mapping (ic_ius_id, ic_fk, ius_fk) VALUES (9, 11, 9)  ON CONFLICT DO NOTHING;
INSERT INTO ic_ius_mapping (ic_ius_id, ic_fk, ius_fk) VALUES (10, 11, 10)  ON CONFLICT DO NOTHING;
INSERT INTO ic_ius_mapping (ic_ius_id, ic_fk, ius_fk) VALUES (11, 3, 11)  ON CONFLICT DO NOTHING;
INSERT INTO ic_ius_mapping (ic_ius_id, ic_fk, ius_fk) VALUES (12, 11, 12)  ON CONFLICT DO NOTHING;
INSERT INTO ic_ius_mapping (ic_ius_id, ic_fk, ius_fk) VALUES (13, 11, 13)  ON CONFLICT DO NOTHING;
INSERT INTO ic_ius_mapping (ic_ius_id, ic_fk, ius_fk) VALUES (14, 3, 14)  ON CONFLICT DO NOTHING;
INSERT INTO ic_ius_mapping (ic_ius_id, ic_fk, ius_fk) VALUES (15, 3, 15)  ON CONFLICT DO NOTHING;
INSERT INTO ic_ius_mapping (ic_ius_id, ic_fk, ius_fk) VALUES (16, 3, 16)  ON CONFLICT DO NOTHING;
INSERT INTO ic_ius_mapping (ic_ius_id, ic_fk, ius_fk) VALUES (17, 3, 17)  ON CONFLICT DO NOTHING;
INSERT INTO ic_ius_mapping (ic_ius_id, ic_fk, ius_fk) VALUES (18, 3, 18)  ON CONFLICT DO NOTHING;
INSERT INTO ic_ius_mapping (ic_ius_id, ic_fk, ius_fk) VALUES (19, 3, 19)  ON CONFLICT DO NOTHING;
INSERT INTO ic_ius_mapping (ic_ius_id, ic_fk, ius_fk) VALUES (20, 3, 20)  ON CONFLICT DO NOTHING;
INSERT INTO ic_ius_mapping (ic_ius_id, ic_fk, ius_fk) VALUES (21, 2, 21)  ON CONFLICT DO NOTHING;
INSERT INTO ic_ius_mapping (ic_ius_id, ic_fk, ius_fk) VALUES (22, 3, 22)  ON CONFLICT DO NOTHING;
INSERT INTO ic_ius_mapping (ic_ius_id, ic_fk, ius_fk) VALUES (23, 2, 23)  ON CONFLICT DO NOTHING;
INSERT INTO ic_ius_mapping (ic_ius_id, ic_fk, ius_fk) VALUES (24, 2, 24)  ON CONFLICT DO NOTHING;
INSERT INTO ic_ius_mapping (ic_ius_id, ic_fk, ius_fk) VALUES (25, 2, 25)  ON CONFLICT DO NOTHING;
INSERT INTO ic_ius_mapping (ic_ius_id, ic_fk, ius_fk) VALUES (26, 2, 26)  ON CONFLICT DO NOTHING;
INSERT INTO ic_ius_mapping (ic_ius_id, ic_fk, ius_fk) VALUES (27, 12, 27)  ON CONFLICT DO NOTHING;
INSERT INTO ic_ius_mapping (ic_ius_id, ic_fk, ius_fk) VALUES (28, 5, 28)  ON CONFLICT DO NOTHING;
INSERT INTO ic_ius_mapping (ic_ius_id, ic_fk, ius_fk) VALUES (29, 5, 29)  ON CONFLICT DO NOTHING;
INSERT INTO ic_ius_mapping (ic_ius_id, ic_fk, ius_fk) VALUES (30, 5, 30)  ON CONFLICT DO NOTHING;
INSERT INTO ic_ius_mapping (ic_ius_id, ic_fk, ius_fk) VALUES (31, 6, 31)  ON CONFLICT DO NOTHING;
INSERT INTO ic_ius_mapping (ic_ius_id, ic_fk, ius_fk) VALUES (32, 6, 32)  ON CONFLICT DO NOTHING;
INSERT INTO ic_ius_mapping (ic_ius_id, ic_fk, ius_fk) VALUES (33, 6, 33)  ON CONFLICT DO NOTHING;
INSERT INTO ic_ius_mapping (ic_ius_id, ic_fk, ius_fk) VALUES (34, 6, 34)  ON CONFLICT DO NOTHING;
INSERT INTO ic_ius_mapping (ic_ius_id, ic_fk, ius_fk) VALUES (35, 6, 35)  ON CONFLICT DO NOTHING;
INSERT INTO ic_ius_mapping (ic_ius_id, ic_fk, ius_fk) VALUES (36, 6, 36)  ON CONFLICT DO NOTHING;
INSERT INTO ic_ius_mapping (ic_ius_id, ic_fk, ius_fk) VALUES (37, 6, 37)  ON CONFLICT DO NOTHING;
INSERT INTO ic_ius_mapping (ic_ius_id, ic_fk, ius_fk) VALUES (38, 8, 38)  ON CONFLICT DO NOTHING;
INSERT INTO ic_ius_mapping (ic_ius_id, ic_fk, ius_fk) VALUES (39, 8, 39)  ON CONFLICT DO NOTHING;
INSERT INTO ic_ius_mapping (ic_ius_id, ic_fk, ius_fk) VALUES (40, 8, 40)  ON CONFLICT DO NOTHING;
INSERT INTO ic_ius_mapping (ic_ius_id, ic_fk, ius_fk) VALUES (41, 9, 41)  ON CONFLICT DO NOTHING;
INSERT INTO ic_ius_mapping (ic_ius_id, ic_fk, ius_fk) VALUES (42, 9, 42)  ON CONFLICT DO NOTHING;
INSERT INTO ic_ius_mapping (ic_ius_id, ic_fk, ius_fk) VALUES (43, 9, 43)  ON CONFLICT DO NOTHING;
INSERT INTO ic_ius_mapping (ic_ius_id, ic_fk, ius_fk) VALUES (44, 9, 44)  ON CONFLICT DO NOTHING;
INSERT INTO ic_ius_mapping (ic_ius_id, ic_fk, ius_fk) VALUES (45, 9, 45)  ON CONFLICT DO NOTHING;
INSERT INTO ic_ius_mapping (ic_ius_id, ic_fk, ius_fk) VALUES (46, 9, 46)  ON CONFLICT DO NOTHING;
INSERT INTO ic_ius_mapping (ic_ius_id, ic_fk, ius_fk) VALUES (47, 10, 47)  ON CONFLICT DO NOTHING;
INSERT INTO ic_ius_mapping (ic_ius_id, ic_fk, ius_fk) VALUES (48, 10, 48)  ON CONFLICT DO NOTHING;
INSERT INTO ic_ius_mapping (ic_ius_id, ic_fk, ius_fk) VALUES (49, 9, 49)  ON CONFLICT DO NOTHING;
INSERT INTO ic_ius_mapping (ic_ius_id, ic_fk, ius_fk) VALUES (50, 9, 50)  ON CONFLICT DO NOTHING;
INSERT INTO ic_ius_mapping (ic_ius_id, ic_fk, ius_fk) VALUES (51, 9, 51)  ON CONFLICT DO NOTHING;
INSERT INTO ic_ius_mapping (ic_ius_id, ic_fk, ius_fk) VALUES (52, 9, 52)  ON CONFLICT DO NOTHING;
INSERT INTO ic_ius_mapping (ic_ius_id, ic_fk, ius_fk) VALUES (53, 9, 53)  ON CONFLICT DO NOTHING;
INSERT INTO ic_ius_mapping (ic_ius_id, ic_fk, ius_fk) VALUES (54, 9, 54)  ON CONFLICT DO NOTHING;
INSERT INTO ic_ius_mapping (ic_ius_id, ic_fk, ius_fk) VALUES (55, 9, 55)  ON CONFLICT DO NOTHING;
INSERT INTO ic_ius_mapping (ic_ius_id, ic_fk, ius_fk) VALUES (56, 14, 56)  ON CONFLICT DO NOTHING;
INSERT INTO ic_ius_mapping (ic_ius_id, ic_fk, ius_fk) VALUES (57, 15, 57)  ON CONFLICT DO NOTHING;
INSERT INTO ic_ius_mapping (ic_ius_id, ic_fk, ius_fk) VALUES (58, 16, 58)  ON CONFLICT DO NOTHING;
INSERT INTO ic_ius_mapping (ic_ius_id, ic_fk, ius_fk) VALUES (59, 17, 59)  ON CONFLICT DO NOTHING;
INSERT INTO ic_ius_mapping (ic_ius_id, ic_fk, ius_fk) VALUES (60, 9, 60)  ON CONFLICT DO NOTHING;








INSERT INTO indicator_classification (indicator_classification_id, ic_order, index, indicatorclassificationtype, classification_name, sector_ids, classification_short_name, type, parent_id) VALUES (41, 1, true, 'SC', 'Index of Subsectors', NULL, NULL, 'SUBSECTOR_INDEX', NULL)  ON CONFLICT DO NOTHING;
INSERT INTO indicator_classification (indicator_classification_id, ic_order, index, indicatorclassificationtype, classification_name, sector_ids, classification_short_name, type, parent_id) VALUES (42, 2, false, 'SC', 'Index - Institutional Care', '2', NULL, NULL, 41)  ON CONFLICT DO NOTHING;
INSERT INTO indicator_classification (indicator_classification_id, ic_order, index, indicatorclassificationtype, classification_name, sector_ids, classification_short_name, type, parent_id) VALUES (43, 3, false, 'SC', 'Index - Non Institutional Care', '3', NULL, NULL, 41)  ON CONFLICT DO NOTHING;
INSERT INTO indicator_classification (indicator_classification_id, ic_order, index, indicatorclassificationtype, classification_name, sector_ids, classification_short_name, type, parent_id) VALUES (44, 4, false, 'SC', 'Index - Pendency of Cases', '11', NULL, NULL, 41)  ON CONFLICT DO NOTHING;
INSERT INTO indicator_classification (indicator_classification_id, ic_order, index, indicatorclassificationtype, classification_name, sector_ids, classification_short_name, type, parent_id) VALUES (45, 5, false, 'SC', 'Index - Missing Children', '12', NULL, NULL, 41)  ON CONFLICT DO NOTHING;
INSERT INTO indicator_classification (indicator_classification_id, ic_order, index, indicatorclassificationtype, classification_name, sector_ids, classification_short_name, type, parent_id) VALUES (46, 6, false, 'SC', 'Index - Intervention', '30', NULL, NULL, 41)  ON CONFLICT DO NOTHING;
INSERT INTO indicator_classification (indicator_classification_id, ic_order, index, indicatorclassificationtype, classification_name, sector_ids, classification_short_name, type, parent_id) VALUES (47, 7, false, 'SC', 'Index - Follow Up', '31', NULL, NULL, 41)  ON CONFLICT DO NOTHING;
INSERT INTO indicator_classification (indicator_classification_id, ic_order, index, indicatorclassificationtype, classification_name, sector_ids, classification_short_name, type, parent_id) VALUES (48, 8, false, 'SC', 'Index - Human Resources', '5', NULL, NULL, 41)  ON CONFLICT DO NOTHING;
INSERT INTO indicator_classification (indicator_classification_id, ic_order, index, indicatorclassificationtype, classification_name, sector_ids, classification_short_name, type, parent_id) VALUES (49, 9, false, 'SC', 'Index - Capacity Building', '6', NULL, NULL, 41)  ON CONFLICT DO NOTHING;
INSERT INTO indicator_classification (indicator_classification_id, ic_order, index, indicatorclassificationtype, classification_name, sector_ids, classification_short_name, type, parent_id) VALUES (50, 10, false, 'SC','Index - Structures at district, block and Village', '8', NULL, NULL, 41)  ON CONFLICT DO NOTHING;
INSERT INTO indicator_classification (indicator_classification_id, ic_order, index, indicatorclassificationtype, classification_name, sector_ids, classification_short_name, type, parent_id) VALUES (51, 11, false, 'SC','Index - Management, Coordination and Operation', '9', NULL, NULL, 41)  ON CONFLICT DO NOTHING;
INSERT INTO indicator_classification (indicator_classification_id, ic_order, index, indicatorclassificationtype, classification_name, sector_ids, classification_short_name, type, parent_id) VALUES (52, 12, false, 'SC','Index - Finance and Budget Management', '10', NULL, NULL, 41)  ON CONFLICT DO NOTHING;



INSERT INTO indicator_classification (indicator_classification_id, ic_order, index, indicatorclassificationtype, classification_name, sector_ids, classification_short_name, type, parent_id) VALUES (53, 7, false, 'SC', 'Submission of Reports', NULL, NULL, NULL, 1)  ON CONFLICT DO NOTHING;
INSERT INTO indicator_classification (indicator_classification_id, ic_order, index, indicatorclassificationtype, classification_name, sector_ids, classification_short_name, type, parent_id) VALUES (54, 8, false, 'SC', 'Supervisions', NULL, NULL, NULL, 1)  ON CONFLICT DO NOTHING;
INSERT INTO indicator_classification (indicator_classification_id, ic_order, index, indicatorclassificationtype, classification_name, sector_ids, classification_short_name, type, parent_id) VALUES (55, 7, false, 'SC', 'Recommendations', NULL, NULL, NULL, 1)  ON CONFLICT DO NOTHING;
INSERT INTO indicator_classification (indicator_classification_id, ic_order, index, indicatorclassificationtype, classification_name, sector_ids, classification_short_name, type, parent_id) VALUES (56, 8, false, 'SC', 'Sittings attended / Visits made', NULL, NULL, NULL, 1)  ON CONFLICT DO NOTHING;
INSERT INTO indicator_classification (indicator_classification_id, ic_order, index, indicatorclassificationtype, classification_name, sector_ids, classification_short_name, type, parent_id) VALUES (57, 8, false, 'SC', 'Inspections', NULL, NULL, NULL, 1)  ON CONFLICT DO NOTHING;


INSERT INTO indicator_classification (indicator_classification_id, ic_order, index, indicatorclassificationtype, classification_name, sector_ids, classification_short_name, type, parent_id) VALUES (58, 8, false, 'SC',  'Index - Submission of Reports', '53', NULL, NULL, 41)  ON CONFLICT DO NOTHING;
INSERT INTO indicator_classification (indicator_classification_id, ic_order, index, indicatorclassificationtype, classification_name, sector_ids, classification_short_name, type, parent_id) VALUES (59, 9, false, 'SC',  'Index - Supervisions', '54', NULL, NULL, 41)  ON CONFLICT DO NOTHING;
INSERT INTO indicator_classification (indicator_classification_id, ic_order, index, indicatorclassificationtype, classification_name, sector_ids, classification_short_name, type, parent_id) VALUES (60, 10, false, 'SC', 'Index - Recommendations', '55', NULL, NULL, 41)  ON CONFLICT DO NOTHING;
INSERT INTO indicator_classification (indicator_classification_id, ic_order, index, indicatorclassificationtype, classification_name, sector_ids, classification_short_name, type, parent_id) VALUES (61, 11, false, 'SC', 'Index - Sittings attended / Visits made', '56', NULL, NULL, 41)  ON CONFLICT DO NOTHING;
INSERT INTO indicator_classification (indicator_classification_id, ic_order, index, indicatorclassificationtype, classification_name, sector_ids, classification_short_name, type, parent_id) VALUES (62, 12, false, 'SC', 'Index - Inspections', '57', NULL, NULL, 41)  ON CONFLICT DO NOTHING;

INSERT INTO indicator_classification (indicator_classification_id, ic_order, index, indicatorclassificationtype, classification_name, sector_ids, classification_short_name, type, parent_id) VALUES (63, 20, false, 'SR', 'PO', NULL, NULL, NULL, 18)  ON CONFLICT DO NOTHING;


INSERT INTO indicator ( indicator_id,denominator_xpath, display_to_deo_from_month, display_to_deo_from_year, high_is_good, indicator_metadata, indicator_name, indicator_type, indicator_xpath, numerator_xpath, percentage_xpath, publish_month, publish_year, agency_id_fk, indicator_classification_id, belongs_to_indicator,app_type) VALUES ( 173, NULL, 3, 2018, true, NULL, 'Institutional Care', 'INDEX_INDICATOR', NULL, NULL, NULL, 2, 2018, 1, 42, NULL,'APP_V_2')  ON CONFLICT DO NOTHING;
INSERT INTO indicator ( indicator_id,denominator_xpath, display_to_deo_from_month, display_to_deo_from_year, high_is_good, indicator_metadata, indicator_name, indicator_type, indicator_xpath, numerator_xpath, percentage_xpath, publish_month, publish_year, agency_id_fk, indicator_classification_id, belongs_to_indicator,app_type) VALUES ( 174, NULL, 3, 2018, true, NULL, 'Non Institutional Care', 'INDEX_INDICATOR', NULL, NULL, NULL, 2, 2018, 1, 43, NULL,'APP_V_2')  ON CONFLICT DO NOTHING;
INSERT INTO indicator ( indicator_id,denominator_xpath, display_to_deo_from_month, display_to_deo_from_year, high_is_good, indicator_metadata, indicator_name, indicator_type, indicator_xpath, numerator_xpath, percentage_xpath, publish_month, publish_year, agency_id_fk, indicator_classification_id, belongs_to_indicator,app_type) VALUES ( 175, NULL, 3, 2018, true, NULL, 'Pendency of Cases', 'INDEX_INDICATOR', NULL, NULL, NULL, 2, 2018, 1, 44, NULL,'APP_V_2')  ON CONFLICT DO NOTHING;
INSERT INTO indicator ( indicator_id,denominator_xpath, display_to_deo_from_month, display_to_deo_from_year, high_is_good, indicator_metadata, indicator_name, indicator_type, indicator_xpath, numerator_xpath, percentage_xpath, publish_month, publish_year, agency_id_fk, indicator_classification_id, belongs_to_indicator,app_type) VALUES ( 176, NULL, 3, 2018, true, NULL, 'Missing Children', 'INDEX_INDICATOR', NULL, NULL, NULL, 2, 2018, 1, 45, NULL,'APP_V_2')  ON CONFLICT DO NOTHING;
INSERT INTO indicator ( indicator_id,denominator_xpath, display_to_deo_from_month, display_to_deo_from_year, high_is_good, indicator_metadata, indicator_name, indicator_type, indicator_xpath, numerator_xpath, percentage_xpath, publish_month, publish_year, agency_id_fk, indicator_classification_id, belongs_to_indicator,app_type) VALUES ( 177, NULL, 3, 2018, true, NULL, 'Intervention', 'INDEX_INDICATOR', NULL, NULL, NULL, 2, 2018, 1, 46, NULL,'APP_V_2')  ON CONFLICT DO NOTHING;
INSERT INTO indicator ( indicator_id,denominator_xpath, display_to_deo_from_month, display_to_deo_from_year, high_is_good, indicator_metadata, indicator_name, indicator_type, indicator_xpath, numerator_xpath, percentage_xpath, publish_month, publish_year, agency_id_fk, indicator_classification_id, belongs_to_indicator,app_type) VALUES ( 178, NULL, 3, 2018, true, NULL, 'Follow Up', 'INDEX_INDICATOR', NULL, NULL, NULL, 2, 2018, 1, 47, NULL,'APP_V_2')  ON CONFLICT DO NOTHING;
INSERT INTO indicator ( indicator_id,denominator_xpath, display_to_deo_from_month, display_to_deo_from_year, high_is_good, indicator_metadata, indicator_name, indicator_type, indicator_xpath, numerator_xpath, percentage_xpath, publish_month, publish_year, agency_id_fk, indicator_classification_id, belongs_to_indicator,app_type) VALUES ( 179, NULL, 3, 2018, true, NULL, 'Human Resources', 'INDEX_INDICATOR', NULL, NULL, NULL, 2, 2018, 1, 48, NULL,'APP_V_2')  ON CONFLICT DO NOTHING;
INSERT INTO indicator ( indicator_id,denominator_xpath, display_to_deo_from_month, display_to_deo_from_year, high_is_good, indicator_metadata, indicator_name, indicator_type, indicator_xpath, numerator_xpath, percentage_xpath, publish_month, publish_year, agency_id_fk, indicator_classification_id, belongs_to_indicator,app_type) VALUES ( 180, NULL, 3, 2018, true, NULL, 'Capacity Building', 'INDEX_INDICATOR', NULL, NULL, NULL, 2, 2018, 1, 49, NULL,'APP_V_2')  ON CONFLICT DO NOTHING;
INSERT INTO indicator ( indicator_id,denominator_xpath, display_to_deo_from_month, display_to_deo_from_year, high_is_good, indicator_metadata, indicator_name, indicator_type, indicator_xpath, numerator_xpath, percentage_xpath, publish_month, publish_year, agency_id_fk, indicator_classification_id, belongs_to_indicator,app_type) VALUES ( 181, NULL, 3, 2018, true, NULL, 'Structures at district, block and Village', 'INDEX_INDICATOR', NULL, NULL, NULL, 2, 2018, 1, 50, NULL,'APP_V_2')  ON CONFLICT DO NOTHING;
INSERT INTO indicator ( indicator_id,denominator_xpath, display_to_deo_from_month, display_to_deo_from_year, high_is_good, indicator_metadata, indicator_name, indicator_type, indicator_xpath, numerator_xpath, percentage_xpath, publish_month, publish_year, agency_id_fk, indicator_classification_id, belongs_to_indicator,app_type) VALUES ( 182, NULL, 3, 2018, true, NULL, 'Management, Coordination and Operation', 'INDEX_INDICATOR', NULL, NULL, NULL, 2, 2018, 1, 51, NULL,'APP_V_2')  ON CONFLICT DO NOTHING;
INSERT INTO indicator ( indicator_id,denominator_xpath, display_to_deo_from_month, display_to_deo_from_year, high_is_good, indicator_metadata, indicator_name, indicator_type, indicator_xpath, numerator_xpath, percentage_xpath, publish_month, publish_year, agency_id_fk, indicator_classification_id, belongs_to_indicator,app_type) VALUES ( 183, NULL, 3, 2018, true, NULL, 'Finance and Budget Management', 'INDEX_INDICATOR', NULL, NULL, NULL, 2, 2018, 1, 52, NULL,'APP_V_2')  ON CONFLICT DO NOTHING;

INSERT INTO indicator ( indicator_id,denominator_xpath, display_to_deo_from_month, display_to_deo_from_year, high_is_good, indicator_metadata, indicator_name, indicator_type, indicator_xpath, numerator_xpath, percentage_xpath, publish_month, publish_year, agency_id_fk, indicator_classification_id, belongs_to_indicator,app_type) VALUES ( 184, NULL, 3, 2018, true, NULL, 'Submission of Reports', 'INDEX_INDICATOR', NULL, NULL, NULL, 2, 2018, 1, 58, NULL,'APP_V_2')  ON CONFLICT DO NOTHING;
INSERT INTO indicator ( indicator_id,denominator_xpath, display_to_deo_from_month, display_to_deo_from_year, high_is_good, indicator_metadata, indicator_name, indicator_type, indicator_xpath, numerator_xpath, percentage_xpath, publish_month, publish_year, agency_id_fk, indicator_classification_id, belongs_to_indicator,app_type) VALUES ( 185, NULL, 3, 2018, true, NULL, 'Supervisions', 'INDEX_INDICATOR', NULL, NULL, NULL, 2, 2018, 1, 59, NULL,'APP_V_2')  ON CONFLICT DO NOTHING;
INSERT INTO indicator ( indicator_id,denominator_xpath, display_to_deo_from_month, display_to_deo_from_year, high_is_good, indicator_metadata, indicator_name, indicator_type, indicator_xpath, numerator_xpath, percentage_xpath, publish_month, publish_year, agency_id_fk, indicator_classification_id, belongs_to_indicator,app_type) VALUES ( 186, NULL, 3, 2018, true, NULL, 'Recommendations', 'INDEX_INDICATOR', NULL, NULL, NULL, 2, 2018, 1, 60, NULL,'APP_V_2')  ON CONFLICT DO NOTHING;
INSERT INTO indicator ( indicator_id,denominator_xpath, display_to_deo_from_month, display_to_deo_from_year, high_is_good, indicator_metadata, indicator_name, indicator_type, indicator_xpath, numerator_xpath, percentage_xpath, publish_month, publish_year, agency_id_fk, indicator_classification_id, belongs_to_indicator,app_type) VALUES ( 188, NULL, 3, 2018, true, NULL, 'Sittings attended / Visits made', 'INDEX_INDICATOR', NULL, NULL, NULL, 2, 2018, 1, 61, NULL,'APP_V_2')  ON CONFLICT DO NOTHING;
INSERT INTO indicator ( indicator_id,denominator_xpath, display_to_deo_from_month, display_to_deo_from_year, high_is_good, indicator_metadata, indicator_name, indicator_type, indicator_xpath, numerator_xpath, percentage_xpath, publish_month, publish_year, agency_id_fk, indicator_classification_id, belongs_to_indicator,app_type) VALUES ( 189, NULL, 3, 2018, true, NULL, 'Inspections', 'INDEX_INDICATOR', NULL, NULL, NULL, 2, 2018, 1, 62, NULL,'APP_V_2')  ON CONFLICT DO NOTHING;


 SELECT SETVAL('public.agency_agency_id_seq', COALESCE(MAX(agency_id), 1) ) FROM public.agency; 
 SELECT SETVAL('public.area_level_area_level_id_pk_seq', COALESCE(MAX(area_level_id_pk), 1) ) FROM public.area_level; 

 SELECT SETVAL('public.ic_ius_mapping_ic_ius_id_seq', COALESCE(MAX(ic_ius_id), 1) ) FROM public.ic_ius_mapping; 
 SELECT SETVAL('public.indicator_classification_indicator_classification_id_seq', COALESCE(MAX(indicator_classification_id), 1) ) FROM public.indicator_classification; 
 SELECT SETVAL('public.indicator_indicator_id_seq', COALESCE(MAX(indicator_id), 1) ) FROM public.indicator; 
 SELECT SETVAL('public.indicator_unit_subgroup_indicator_unit_subgroup_id_seq', COALESCE(MAX(indicator_unit_subgroup_id), 1) ) FROM public.indicator_unit_subgroup; 

 SELECT SETVAL('public.time_period_timeperiod_id_seq', COALESCE(MAX(timeperiod_id), 1) ) FROM public.time_period; 
 
 SELECT SETVAL('public.unit_unitid_seq', COALESCE(MAX(unitid), 1) ) FROM public.unit; 

 
 
update area set zone='north' where area_name='Chennai';
update area set zone='north' where area_name='Cuddalore';
update area set zone='north' where area_name='Coimbatore';
update area set zone='north' where area_name='Dharmapuri';
update area set zone='north' where area_name='Erode';
update area set zone='north' where area_name='Kancheepuram';
update area set zone='north' where area_name='Namakkal';
update area set zone='north' where area_name='Salem';
update area set zone='north' where area_name='The Nilgiris';
update area set zone='north' where area_name='Thiruvallur';
update area set zone='north' where area_name='Tiruvannamalai';
update area set zone='north' where area_name='Vellore';
update area set zone='north' where area_name='Viluppuram';
update area set zone='south' where area_name='Ariyalur';
update area set zone='south' where area_name='Dindigul';
update area set zone='south' where area_name='Kanniyakumari';
update area set zone='south' where area_name='Madurai';
update area set zone='south' where area_name='Nagapattinam';
update area set zone='south' where area_name='Perambalur';
update area set zone='south' where area_name='Pudukkottai';
update area set zone='south' where area_name='Ramanathapuram';
update area set zone='south' where area_name='Sivaganga';
update area set zone='south' where area_name='Theni';
update area set zone='south' where area_name='Thoothukkudi';
update area set zone='south' where area_name='Thiruvarur';
update area set zone='south' where area_name='Tiruchirappalli';
update area set zone='south' where area_name='Tirunelveli';
update area set zone='south' where area_name='Virudhunagar';


INSERT INTO public.time_period(
            timeperiod_id, app_type, end_date, periodicity, start_date, timeperiod)
    VALUES (23, 'LEGACY', '2019-09-30 00:00:00', '1', '2019-09-1 00:00:00', '2019.09') ON CONFLICT DO NOTHING;

SELECT SETVAL('public.time_period_timeperiod_id_seq', COALESCE(MAX(timeperiod_id), 1) ) FROM public.time_period; 


SELECT SETVAL('public.data_data_id_seq', COALESCE(MAX(data_id), 1) ) FROM public.data; 
 
 
 UPDATE facility set is_active='TRUE' where is_active IS NULL;
 
 
 UPDATE QUESTION SET field_type ='doubledecimal' where id IN (132,133,134);
 